Item,Condition,Stimulus,NP_Number,Auxiliary,Full_Sentence,source_file,language,leftward_entropy,leftward_attn_diff,leftward_attn_to_head,leftward_attn_to_attractor,nsubj_entropy,nsubj_attn_diff,nsubj_attn_to_head,nsubj_attn_to_attractor,top5_layer,top5_entropy,top5_attn_diff,top5_attn_to_head,top5_attn_to_attractor,top5_head_in_top5
1,a,The cake at the senator’s celebration,singular,is,The cake at the senator’s celebration is delicious.,eng_syn_stimuli.csv,english,1.4188843,-0.4242248221882619,0.018364366923924534,0.4425891891121864,1.1576666,-0.039467562980717755,0.010619014218173534,0.05008657719889129,6,1.6232364,-0.09119945392012596,0.026125121861696243,0.1173245757818222,0.0
1,b,The cake at the senator’s celebration,singular,are,The cake at the senator’s celebration are delicious.,eng_syn_stimuli.csv,english,1.4793828,-0.4353147528017871,0.016335369006264956,0.4516501218080521,1.0685879,-0.033007141525656994,0.010314116816881736,0.04332125834253873,6,1.4762046,-0.08067266084253788,0.022875403985381126,0.103548064827919,0.0
1,c,The cake at the senators’ celebration,plural,is,The cake at the senators’ celebration is delicious.,eng_syn_stimuli.csv,english,1.1667753,-0.5166560279896657,0.011039639754017117,0.5276956677436828,1.1448177,-0.04305086669168605,0.009887541683588496,0.05293840837527455,6,1.6602817,-0.16351282224059105,0.024600211530923843,0.1881130337715149,0.0
1,d,The cake at the senators’ celebration,plural,are,The cake at the senators’ celebration are delicious.,eng_syn_stimuli.csv,english,1.1975838,-0.5267473255291406,0.010832204203325091,0.5375795297324657,1.061676,-0.03243300073217115,0.009450231203203563,0.04188323193537471,6,1.4711652,-0.14710933342576027,0.01980450376868248,0.16691383719444275,0.0
2,a,The call to the doctor’s secretary,singular,is,The call to the doctor’s secretary is urgent.,eng_syn_stimuli.csv,english,1.3321329,-0.5290037340077106,0.009842956945067271,0.5388466909527778,1.2366005,-0.03949260930899072,0.014630479467405167,0.05412308877639589,6,1.4414576,-0.09002340212464333,0.03683822974562645,0.12686163187026978,1.0
2,b,The call to the doctor’s secretary,singular,are,The call to the doctor’s secretary are urgent.,eng_syn_stimuli.csv,english,1.3674253,-0.5314774646889419,0.010969208227470518,0.5424466729164124,1.1638706,-0.03450921368107656,0.013241812761634447,0.04775102644271101,6,1.3807486,-0.08776330202817917,0.03563242405653,0.12339572608470917,1.0
2,c,The call to the doctors’ secretary,plural,is,The call to the doctors’ secretary is urgent.,eng_syn_stimuli.csv,english,1.2549477,-0.5391460738588648,0.013020810533635085,0.5521668843925,1.231753,-0.03180221720436442,0.01367261197367604,0.045474829178040466,6,1.4559939,-0.1651296205818653,0.023780327290296555,0.18890994787216187,0.0
2,d,The call to the doctors’ secretary,plural,are,The call to the doctors’ secretary are urgent.,eng_syn_stimuli.csv,english,1.2404811,-0.5535893185529858,0.01034304960630834,0.5639323681592942,1.1085227,-0.038261845247641556,0.010435764667735613,0.04869760991537717,6,1.4282378,-0.17801796831190586,0.019342219457030296,0.19736018776893616,0.0
3,a,The computer for the laboratory’s experiment,singular,is,The computer for the laboratory’s experiment is modern.,eng_syn_stimuli.csv,english,1.3870761,-0.44911312905533124,0.015310046845843316,0.46442317590117455,1.1351429,-0.034422225446356806,0.01292564965747604,0.04734787510383285,6,1.4703461,-0.1527178641408682,0.01460450328886509,0.16732236742973328,0.0
3,b,The computer for the laboratory’s experiment,singular,are,The computer for the laboratory’s experiment are modern.,eng_syn_stimuli.csv,english,1.3947378,-0.4579827175868559,0.015005204880435486,0.4729879224672914,1.1010058,-0.02854257979433179,0.012778576063881594,0.04132115585821339,6,1.409058,-0.1399400234222412,0.013679072260856628,0.15361909568309784,0.0
3,c,The computer for the laboratories’ experiment,plural,is,The computer for the laboratories’ experiment is modern.,eng_syn_stimuli.csv,english,1.1213977,-0.5275423622158086,0.008052909520574757,0.5355952717363834,1.107802,-0.03873431270524534,0.014193261277406322,0.05292757398265167,6,1.550081,-0.2145685600116849,0.012342448346316814,0.2269110083580017,0.0
3,d,The computer for the laboratories’ experiment,plural,are,The computer for the laboratories’ experiment are modern.,eng_syn_stimuli.csv,english,1.1031429,-0.5270883933710593,0.008092680845902579,0.5351810742169618,1.0642247,-0.03805972922713145,0.01423412051991626,0.05229384974704772,6,1.4055834,-0.19243772327899933,0.009930029511451721,0.20236775279045105,0.0
4,a,The encounter with the wolf's baby,singular,is,The encounter with the wolf's baby is frightening.,eng_syn_stimuli.csv,english,1.4332279,-0.5725409761100309,0.0163173768640263,0.5888583529740572,1.2302443,-0.03390041954873296,0.01852765449273947,0.05242807404147243,6,1.7524936,-0.12119561433792114,0.06130748987197876,0.1825031042098999,1.0
4,b,The encounter with the wolf's baby,singular,are,The encounter with the wolf's baby are frightening.,eng_syn_stimuli.csv,english,1.472977,-0.563382626324892,0.014929016306996345,0.5783116426318884,1.1373508,-0.03125291791812447,0.01510639383436069,0.04635931175248516,6,1.6973249,-0.10902604833245277,0.061955880373716354,0.17098192870616913,1.0
4,c,The encounter with the wolves' baby,plural,is,The encounter with the wolves' baby is frightening.,eng_syn_stimuli.csv,english,1.3370056,-0.5444036031578434,0.0149681424285518,0.5593717455863952,1.216252,-0.03219723150180549,0.018724851407394282,0.05092208290919977,6,1.774254,-0.11495594680309296,0.05551128089427948,0.17046722769737244,1.0
4,d,The encounter with the wolves' baby,plural,are,The encounter with the wolves' baby are frightening.,eng_syn_stimuli.csv,english,1.3687916,-0.5481812301819445,0.01153090337465983,0.5597121335566044,1.1842171,-0.034010073041218905,0.014776051132530199,0.0487861241737491,6,1.7541,-0.11605168879032135,0.056609973311424255,0.1726616621017456,1.0
5,a,The plan for the school’s upgrade,singular,is,The plan for the school’s upgrade is unrealistic.,eng_syn_stimuli.csv,english,1.4607456,-0.519481251767138,0.015239479014417157,0.5347207307815551,1.2560403,-0.032813711792389746,0.012331429455763463,0.045145141248153206,6,1.5342658,-0.10568679869174957,0.040768563747406006,0.14645536243915558,1.0
5,b,The plan for the school’s upgrade,singular,are,The plan for the school’s upgrade are unrealistic.,eng_syn_stimuli.csv,english,1.4534472,-0.5310204374254681,0.01498074954142794,0.546001186966896,1.1631143,-0.02918009165880191,0.010830122201414574,0.040010213860216484,6,1.5394354,-0.1040574386715889,0.04119867831468582,0.14525611698627472,1.0
5,c,The plan for the schools’ upgrade,plural,is,The plan for the schools’ upgrade is unrealistic.,eng_syn_stimuli.csv,english,1.2256114,-0.5637147478246334,0.010433528623616439,0.5741482764482498,1.2343724,-0.04476970221329686,0.009248574875543846,0.0540182770888407,6,1.609262,-0.15848087519407272,0.031960152089595795,0.19044102728366852,0.0
5,d,The plan for the schools’ upgrade,plural,are,The plan for the schools’ upgrade are unrealistic.,eng_syn_stimuli.csv,english,1.2027117,-0.5697655450789171,0.010441911569432704,0.5802074566483497,1.1652248,-0.04154916521605876,0.008144202408136403,0.04969336762419516,6,1.61587,-0.1645846962928772,0.027958154678344727,0.19254285097122192,0.0
6,a,The problem with the family’s account,singular,is,The problem with the family’s account is discussed.,eng_syn_stimuli.csv,english,1.5054849,-0.5575461237669515,0.01843522051567561,0.5759813442826272,1.1992065,-0.04059494552632354,0.013357790623080252,0.05395273614940379,6,1.7238395,-0.17310234159231186,0.034722380340099335,0.2078247219324112,0.0
6,b,The problem with the family’s account,singular,are,The problem with the family’s account are discussed.,eng_syn_stimuli.csv,english,1.4906245,-0.5673642087014741,0.019542440470831934,0.5869066491723061,1.1577731,-0.03730471764616309,0.012374713318370732,0.049679430964533824,6,1.654983,-0.16842424497008324,0.03324088826775551,0.20166513323783875,0.0
6,c,The problem with the families’ account,plural,is,The problem with the families’ account is discussed.,eng_syn_stimuli.csv,english,1.3162905,-0.5388823520123879,0.013523619276293175,0.5524059712886811,1.1291701,-0.025238941403968696,0.010201977711225751,0.035440919115194446,6,1.6061552,-0.2449798658490181,0.021849624812602997,0.2668294906616211,0.0
6,d,The problem with the families’ account,plural,are,The problem with the families’ account are discussed.,eng_syn_stimuli.csv,english,1.2715058,-0.5260784273613354,0.014010149462137633,0.540088576823473,1.0222638,-0.02362405075827545,0.009184733123361832,0.032808783881637285,6,1.4759817,-0.2314714901149273,0.01665729656815529,0.24812878668308258,0.0
7,a,The report to the chairman's advisor,singular,is,The report to the chairman's advisor is shocking.,eng_syn_stimuli.csv,english,1.2888072,-0.4442952366367535,0.01082180311823322,0.45511703975498674,1.1485279,-0.04128202701376912,0.021628419029876035,0.06291044604364515,6,1.5078733,-0.14432107843458652,0.02639690600335598,0.1707179844379425,0.0
7,b,The report to the chairman's advisor,singular,are,The report to the chairman's advisor are shocking.,eng_syn_stimuli.csv,english,1.3151603,-0.44476752117916474,0.010703396194730885,0.45547091737389567,1.1489425,-0.039364389610662055,0.019712674523370697,0.059077064134032756,6,1.4367952,-0.1307256631553173,0.026041898876428604,0.1567675620317459,0.0
7,c,The report to the chairmans' advisor,plural,is,The report to the chairmen' advisor is shocking.,eng_syn_stimuli.csv,english,1.153261,-0.5509891210645946,0.011039412155696482,0.5620285332202911,1.2235814,-0.03566044731396112,0.02186830706854728,0.057528754382508394,6,1.511837,-0.20794929563999176,0.017058655619621277,0.22500795125961304,0.0
7,d,The report to the chairmans' advisor,plural,are,The report to the chairmen' advisor are shocking.,eng_syn_stimuli.csv,english,1.1459262,-0.5493689563263615,0.010249939174536848,0.5596188955008984,1.2067273,-0.03321740261394104,0.01924200772999023,0.05245941034393127,6,1.4588482,-0.19815310649573803,0.01524132676422596,0.213394433259964,0.0
8,a,The telegram for the congressman's lobbyist,singular,is,The telegram for the congressman's lobbyist is never received.,eng_syn_stimuli.csv,english,1.2481158,-0.28633917507468143,0.007414595384761924,0.29375377045944334,1.1312679,-0.03314587330240593,0.012470875422156297,0.04561674872456223,6,1.4454219,-0.11891764076426625,0.017366889398545027,0.13628453016281128,0.0
8,b,The telegram for the congressman's lobbyist,singular,are,The telegram for the congressman's lobbyist are never received.,eng_syn_stimuli.csv,english,1.260618,-0.2937249680318928,0.007347162320365896,0.30107213035225866,1.0909564,-0.029724260832612738,0.0117559742216829,0.041480235054295635,6,1.4559054,-0.11755676195025444,0.01849648728966713,0.13605324923992157,0.0
8,c,The telegram for the congressmans' lobbyist,plural,is,The telegram for the congressmans' lobbyist is never received.,eng_syn_stimuli.csv,english,1.223953,-0.28840664552117234,0.006548273548833095,0.29495491907000543,1.1644045,-0.03612700141729565,0.012663975612221889,0.048790977029517534,6,1.4617162,-0.1161074279807508,0.0181168750859797,0.1342243030667305,0.0
8,d,The telegram for the congressmans' lobbyist,plural,are,The telegram for the congressmans' lobbyist are never received.,eng_syn_stimuli.csv,english,1.238045,-0.3028031502130034,0.006395923325180774,0.30919907353818415,1.1146096,-0.03178140823037319,0.01168678299746608,0.04346819122783927,6,1.4765334,-0.11511899577453732,0.01959730638191104,0.13471630215644836,0.0
9,a,The announcement from the magazine’s spokeswoman,singular,is,The announcement from the magazine’s spokeswoman is astonishing.,eng_syn_stimuli.csv,english,1.199614,-0.22177042733492272,0.012401781800023551,0.23417220913494627,1.2115244,-0.009371991964464572,0.02642112356625058,0.03579311553071515,6,1.6178087,-0.09156475743899743,0.019130064484973747,0.11069482192397118,0.0
9,b,The announcement from the magazine’s spokeswoman,singular,are,The announcement from the magazine’s spokeswoman are astonishing.,eng_syn_stimuli.csv,english,1.1859393,-0.21602460204406573,0.010963612179269451,0.22698821422333518,1.2142575,-0.010974773511251475,0.024990051532139644,0.03596482504339112,6,1.5919523,-0.09085780940949917,0.0182306660960118,0.10908847550551097,0.0
9,c,The announcement from the magazines’ spokeswoman,plural,is,The announcement from the magazines’ spokeswoman is astonishing.,eng_syn_stimuli.csv,english,1.1277772,-0.26462347454998963,0.014402727896170593,0.2790262024461602,1.2337197,-0.013797329549312313,0.026476744431163057,0.04027407398047537,6,1.6919527,-0.14861344561601678,0.01889814669266343,0.1675115923086802,0.0
9,d,The announcement from the magazines’ spokeswoman,plural,are,The announcement from the magazines’ spokeswoman are astonishing.,eng_syn_stimuli.csv,english,1.1271812,-0.2628584423565144,0.012729920672237919,0.2755883630287523,1.2217449,-0.0161680680808761,0.02520664339772155,0.04137471147859765,6,1.6779705,-0.1474418486468494,0.01709657208994031,0.1645384207367897,0.0
10,a,The large dog at the toddler’s party,singular,is,The large dog at the toddler’s party is adorable.,eng_syn_stimuli.csv,english,1.2217749,-0.18066630188086777,0.011793684443361485,0.19245998632422925,1.3049217,-0.006217372762239227,0.009592612905008362,0.01580998566724759,6,1.930656,-0.09102859650738537,0.018435324309393764,0.10946392081677914,0.0
10,b,The large dog at the toddler’s party,singular,are,The large dog at the toddler’s party are adorable.,eng_syn_stimuli.csv,english,1.2458231,-0.17715453752842478,0.012249014960359262,0.18940355248878404,1.3270297,-0.007047725094485776,0.00918902994167757,0.01623675503616335,6,1.9108346,-0.08752295840531588,0.01979252602905035,0.10731548443436623,0.0
10,c,The large dog at the toddlers’ party,plural,is,The large dog at the toddlers’ party is adorable.,eng_syn_stimuli.csv,english,1.1716025,-0.1603639320228723,0.018454223426583857,0.17881815544945615,1.1767831,-0.006688821009533217,0.008195191060660748,0.014884012070193966,6,1.8719524,-0.060583810632427536,0.02168910267452399,0.08227291330695152,0.0
10,d,The large dog at the toddlers’ party,plural,are,The large dog at the toddlers’ party are adorable.,eng_syn_stimuli.csv,english,1.1756779,-0.15946821546360515,0.018605575488385758,0.1780737909519909,1.1951427,-0.0070499615340997345,0.00830812812941899,0.015358089663518726,6,1.847458,-0.06353411947687466,0.021984685212373734,0.0855188046892484,0.0
11,a,The letter to the housewife’s representative,singular,is,The letter to the housewife’s representative is hostile.,eng_syn_stimuli.csv,english,1.369692,-0.5424239752421272,0.009683468418370467,0.5521074436604977,1.1430209,-0.05136380863575152,0.010375140093428747,0.06173894872918027,6,1.7081618,-0.16609170474112034,0.030092617496848106,0.19618432223796844,0.0
11,b,The letter to the housewife’s representative,singular,are,The letter to the housewife’s representative are hostile.,eng_syn_stimuli.csv,english,1.4109836,-0.540882871892245,0.009868106398789678,0.5507509782910347,1.1103909,-0.043299867590336306,0.009345698099845378,0.05264556569018168,6,1.6498599,-0.15989981964230537,0.029372137039899826,0.1892719566822052,1.0
11,c,The letter to the housewives’ representative,plural,is,The letter to the housewives’ representative is hostile.,eng_syn_stimuli.csv,english,1.3384507,-0.555467809374386,0.010875456397479865,0.5663432657718659,1.1969868,-0.056142574978731416,0.010114693943795727,0.06625726892252715,6,1.6098007,-0.25355449691414833,0.020022030919790268,0.2735765278339386,0.0
11,d,The letter to the housewives’ representative,plural,are,The letter to the housewives’ representative are hostile.,eng_syn_stimuli.csv,english,1.3225216,-0.5511662653694657,0.010925457714984077,0.5620917230844498,1.1590419,-0.0470380823496745,0.009170347902043302,0.0562084302517178,6,1.6146965,-0.2658039163798094,0.01865588314831257,0.28445979952812195,0.0
12,a,The message for the wizard’s apprentice,singular,is,The message for the wizard’s apprentice is puzzling.,eng_syn_stimuli.csv,english,1.2933449,-0.47643185835913754,0.008167717041214929,0.4845995754003525,1.1956542,-0.024843861321501993,0.02609777218113244,0.050941633502634434,6,1.3648411,-0.14021957851946354,0.028477897867560387,0.16869747638702393,1.0
12,b,The message for the wizard’s apprentice,singular,are,The message for the wizard’s apprentice are puzzling.,eng_syn_stimuli.csv,english,1.3174293,-0.48463861783384343,0.00807151953340508,0.49271013736724856,1.1718735,-0.021724247541602855,0.023108324742973745,0.0448325722845766,6,1.3440912,-0.12766123190522194,0.03173309192061424,0.15939432382583618,1.0
12,c,The message for the wizards’ apprentice,plural,is,The message for the wizards’ apprentice is puzzling.,eng_syn_stimuli.csv,english,1.126674,-0.5508062103719567,0.005323691484227311,0.556129901856184,1.11702,-0.017690960379553644,0.018163433922815386,0.03585439430236903,6,1.2537502,-0.20717716217041016,0.01256301999092102,0.21974018216133118,0.0
12,d,The message for the wizards’ apprentice,plural,are,The message for the wizards’ apprentice are puzzling.,eng_syn_stimuli.csv,english,1.1064103,-0.5511802824272308,0.0056068425939884035,0.5567871250212193,1.0993309,-0.0169146330095991,0.016411226804967073,0.03332585981456617,6,1.2805992,-0.21479918900877237,0.012295237742364407,0.22709442675113678,0.0
13,a,The outfit for the saleslady’s display,singular,is,The outfit for the saleslady’s display is attractive.,eng_syn_stimuli.csv,english,1.6052797,-0.5281827197984967,0.012282620964833768,0.5404653407633304,1.2176492,-0.03536189783172998,0.03284818357113724,0.06821008140286722,6,1.61975,-0.18397467583417892,0.024176113307476044,0.20815078914165497,0.0
13,b,The outfit for the saleslady’s display,singular,are,The outfit for the saleslady’s display are attractive.,eng_syn_stimuli.csv,english,1.6015524,-0.5780208617354219,0.010715661952417577,0.5887365236878395,1.1339283,-0.031669996349086384,0.02967946085332738,0.06134945720241376,6,1.6470016,-0.19093710370361805,0.022142885252833366,0.21307998895645142,0.0
13,c,The outfit for the salesladies’ display,plural,is,The outfit for the salesladies’ display is attractive.,eng_syn_stimuli.csv,english,1.2993361,-0.6263882223567634,0.012591035286459374,0.6389792576432228,1.1827347,-0.043028867481307784,0.03345057192245302,0.07647943940376081,6,1.6832076,-0.25892545096576214,0.019192533567547798,0.27811798453330994,0.0
13,d,The outfit for the salesladies’ display,plural,are,The outfit for the salesladies’ display are attractive.,eng_syn_stimuli.csv,english,1.2686135,-0.6394898648686649,0.011135326760268072,0.650625191628933,1.0711427,-0.036960520105084035,0.031942081663247766,0.06890260176833181,6,1.6826696,-0.24617109075188637,0.015883442014455795,0.26205453276634216,0.0
14,a,The position in the woman's newsletter,singular,is,The position in the woman's newsletter is unpopular.,eng_syn_stimuli.csv,english,1.522629,-0.3753491158524412,0.02251673127320828,0.39786584712564943,1.2181545,-0.005847959055846031,0.031327376193884746,0.03717533524973078,6,1.5606242,-0.12461904063820839,0.02237924560904503,0.14699828624725342,0.0
14,b,The position in the woman's newsletter,singular,are,The position in the woman's newsletter are unpopular.,eng_syn_stimuli.csv,english,1.5409698,-0.4004948594578309,0.023020085229654798,0.4235149446874857,1.2325366,-0.012725822892579716,0.02331797918843958,0.036043802081019295,6,1.5884321,-0.11973614618182182,0.029535789042711258,0.14927193522453308,0.0
14,c,The position in the women's newsletter,plural,is,The position in the women's newsletter is unpopular.,eng_syn_stimuli.csv,english,1.5228118,-0.367495771740505,0.023861741776636337,0.3913575135171413,1.2152181,0.005568565570298545,0.040270751649474135,0.03470218607917559,6,1.5076435,-0.12208183109760284,0.020840808749198914,0.14292263984680176,0.0
14,d,The position in the women's newsletter,plural,are,The position in the women's newsletter are unpopular.,eng_syn_stimuli.csv,english,1.5446893,-0.3916646254743682,0.024021487540449016,0.4156861130148172,1.2331454,-0.002992528055418714,0.03126003045241189,0.0342525585078306,6,1.5418,-0.11735913157463074,0.027491793036460876,0.1448509246110916,0.0
15,a,The promise from the company’s salesman,singular,is,The promise from the company’s salesman is broken.,eng_syn_stimuli.csv,english,1.4082111,-0.4896782302763313,0.008489088760688901,0.4981673190370202,1.2876403,-0.0017869901208780402,0.056657016107793653,0.0584440062286717,6,1.4812863,-0.10168596729636192,0.02691139653325081,0.12859736382961273,1.0
15,b,The promise from the company’s salesman,singular,are,The promise from the company’s salesman are broken.,eng_syn_stimuli.csv,english,1.4388041,-0.491013316475437,0.008979136458947323,0.4999924529343843,1.3047314,-0.0011474039704886918,0.05625086625516993,0.05739827022565862,6,1.4976243,-0.09741675294935703,0.02704642526805401,0.12446317821741104,0.0
15,c,The promise from the companies’ salesman,plural,is,The promise from the companies’ salesman is broken.,eng_syn_stimuli.csv,english,1.1824458,-0.5234013242035871,0.005496743941330351,0.5288980681449175,1.2253711,-0.02178205761660894,0.02967821759748752,0.05146027521409646,6,1.432399,-0.17996001336723566,0.014781593345105648,0.1947416067123413,0.0
15,d,The promise from the companies’ salesman,plural,are,The promise from the companies’ salesman are broken.,eng_syn_stimuli.csv,english,1.1755865,-0.5225939813659352,0.005606559698208002,0.5282005410641432,1.2069333,-0.018512739318200144,0.029724234071419598,0.04823697338961974,6,1.4471605,-0.1849114429205656,0.013582156971096992,0.1984935998916626,0.0
16,a,The speech about the councilman's proposal,singular,is,The speech about the councilman's proposal is convincing.,eng_syn_stimuli.csv,english,1.4557701,-0.4858143029428902,0.009431211867195088,0.4952455148100853,1.2424862,-0.050265120394718824,0.016238332750705096,0.06650345314542391,6,1.6473267,-0.15187374502420425,0.02950792759656906,0.18138167262077332,0.0
16,b,The speech about the councilman's proposal,singular,are,The speech about the councilman's proposal are convincing.,eng_syn_stimuli.csv,english,1.5014889,-0.493831795398728,0.009966051633819006,0.503797847032547,1.1848282,-0.045059331395644976,0.014951979840760642,0.060011311236405615,6,1.603257,-0.15415798500180244,0.024531256407499313,0.17868924140930176,0.0
16,c,The speech about the councilmans' proposal,plural,is,The speech about the councilmans' proposal is convincing.,eng_syn_stimuli.csv,english,1.3270223,-0.5263282203421114,0.012191364045429509,0.5385195843875408,1.2556647,-0.048995604775196336,0.016144672199224545,0.06514027697442089,6,1.6179545,-0.13091013208031654,0.03231104835867882,0.16322118043899536,0.0
16,d,The speech about the councilmans' proposal,plural,are,The speech about the councilmans' proposal are convincing.,eng_syn_stimuli.csv,english,1.2957362,-0.5382661265641218,0.012667724737548269,0.55093385130167,1.2147728,-0.04427250861979552,0.014946159581617519,0.05921866820141304,6,1.605138,-0.13903151638805866,0.02810896746814251,0.16714048385620117,0.0
17,a,The confession of the thief's accomplice,singular,is,The confession of the thief's accomplice is tape recorded.,eng_syn_stimuli.csv,english,1.3307976,-0.25323038547746063,0.011186961058410817,0.2644173465358714,1.29411,-0.018213060438249416,0.021148687967613388,0.039361748405862804,6,1.935051,-0.10863408197959264,0.032327244679133095,0.14096132665872574,0.3333333333333333
17,b,The confession of the thief's accomplice,singular,are,The confession of the thief's accomplice are tape recorded.,eng_syn_stimuli.csv,english,1.3333951,-0.2528316028348248,0.011075358223752118,0.2639069610585769,1.3099747,-0.01909372994845487,0.021210255128464594,0.040303985076919464,6,1.9415246,-0.10750502906739712,0.03282921947538853,0.14033424854278564,0.3333333333333333
17,c,The confession of the thieves' accomplice,plural,is,The confession of the thieves' accomplice is tape recorded.,eng_syn_stimuli.csv,english,1.2351493,-0.29226488701824566,0.011636882730332825,0.30390176974857847,1.2779067,-0.009387204278409392,0.02141203648747845,0.03079924076588784,6,1.9558712,-0.09623351817329724,0.03297955170273781,0.12921306987603506,0.3333333333333333
17,d,The confession of the thieves' accomplice,plural,are,The confession of the thieves' accomplice are tape recorded.,eng_syn_stimuli.csv,english,1.2341131,-0.29587676605442537,0.011215051453715812,0.3070918175081412,1.2899729,-0.00924939270375585,0.021900647348820156,0.031150040052576006,6,1.9714621,-0.09646742294232051,0.03363943596680959,0.1301068589091301,0.3333333333333333
18,a,The disagreement about the corporation's lawsuit,singular,is,The disagreement about the corporation's lawsuit is petty.,eng_syn_stimuli.csv,english,1.5510488,-0.410132639548101,0.00615624741622014,0.41628888696432115,1.3145727,-0.04445121364068482,0.012684353086046391,0.057135566726731216,6,1.2947047,-0.06417696177959442,0.02986098825931549,0.09403795003890991,1.0
18,b,The disagreement about the corporation's lawsuit,singular,are,The disagreement about the corporation's lawsuit are petty.,eng_syn_stimuli.csv,english,1.5549219,-0.40690516022878,0.0057269206838100216,0.41263208091259,1.0891614,-0.035294850782198454,0.010565646698663795,0.04586049748086225,6,1.2715634,-0.06438720226287842,0.026949986815452576,0.091337189078331,0.0
18,c,The disagreement about the corporations' lawsuit,plural,is,The disagreement about the corporations' lawsuit is petty.,eng_syn_stimuli.csv,english,1.3033892,-0.47569911315113134,0.0045905569288152035,0.4802896700799465,1.2684708,-0.038379530489321925,0.013351311603691584,0.051730842093013506,6,1.316428,-0.05570068210363388,0.03554196655750275,0.09124264866113663,1.0
18,d,The disagreement about the corporations' lawsuit,plural,are,The disagreement about the corporations' lawsuit are petty.,eng_syn_stimuli.csv,english,1.3004736,-0.48653727213677483,0.00397528221074026,0.4905125543475151,1.098096,-0.03364346888317371,0.011325293810596548,0.04496876269377026,6,1.3229253,-0.05765450373291969,0.03195181116461754,0.08960631489753723,1.0
19,a,The dress at the designer's showcase,singular,is,The dress at the designer's showcase is expensive.,eng_syn_stimuli.csv,english,1.4133909,-0.37546456592390315,0.012030643632169814,0.387495209556073,1.1311492,-0.020226869280064303,0.022149770257341633,0.04237663953740593,6,1.5547056,-0.1189713180065155,0.027175500988960266,0.14614681899547577,0.0
19,b,The dress at the designer's showcase,singular,are,The dress at the designer's showcase are expensive.,eng_syn_stimuli.csv,english,1.4330012,-0.3851301219081506,0.01121689120773226,0.3963470131158829,1.1376255,-0.01768084671958697,0.021236003239563598,0.03891684995915057,6,1.4717717,-0.10658962465822697,0.025624698027968407,0.13221432268619537,0.0
19,c,The dress at the designers' showcase,plural,is,The dress at the designers' showcase is expensive.,eng_syn_stimuli.csv,english,1.317994,-0.40483341576182286,0.009546814061468466,0.4143802298232913,1.110389,-0.01250660516608093,0.01970754771787995,0.03221415288396088,6,1.4904096,-0.1254977434873581,0.024602755904197693,0.1501004993915558,0.0
19,d,The dress at the designers' showcase,plural,are,The dress at the designers' showcase are expensive.,eng_syn_stimuli.csv,english,1.3070835,-0.4158484853629488,0.009129685553489253,0.4249781709164381,1.1300467,-0.011419474693472154,0.01900255318959907,0.030422027883071225,6,1.4274623,-0.11135220527648926,0.0239793062210083,0.13533151149749756,0.0
20,a,The hex from the fairy's spellbook,singular,is,The hex from the fairy's spellbook is ineffective.,eng_syn_stimuli.csv,english,1.435383,-0.2447729234889266,0.01828636198042659,0.2630592854693532,1.1865946,-0.019116851157917884,0.015882706419688426,0.03499955757760631,6,1.6768172,-0.05652190186083317,0.03955208323895931,0.09607398509979248,0.5
20,b,The hex from the fairy's spellbook,singular,are,The hex from the fairy's spellbook are ineffective.,eng_syn_stimuli.csv,english,1.4648058,-0.245582589397236,0.020372735166893106,0.2659553245641291,1.1693711,-0.018358015181106562,0.015536239997036322,0.03389425517814289,6,1.6776667,-0.05942120775580406,0.039047084748744965,0.09846829250454903,0.5
20,c,The hex from the fairys' spellbook,plural,is,The hex from the fairys' spellbook is ineffective.,eng_syn_stimuli.csv,english,1.4383724,-0.2613350763451308,0.018515012273564935,0.27985008861869576,1.198841,-0.021784772701443265,0.015621498731300401,0.037406271432743665,6,1.7321453,-0.07937862351536751,0.036201003938913345,0.11557962745428085,0.0
20,d,The hex from the fairys' spellbook,plural,are,The hex from the fairys' spellbook are ineffective.,eng_syn_stimuli.csv,english,1.4664395,-0.26417168754924203,0.020471787230781045,0.2846434747800231,1.18186,-0.021092128301193724,0.015197433960444073,0.0362895622616378,6,1.7404848,-0.08618629351258278,0.03497624024748802,0.1211625337600708,0.0
21,a,The job for the cleaning lady's helper,singular,is,The job for the cleaning lady's helper is tiring.,eng_syn_stimuli.csv,english,1.1642779,-0.23395130846238316,0.0091799515878544,0.24313126005023758,1.2874048,0.003258154580895852,0.02313214519599333,0.019873990615097478,6,2.0517638,-0.0691350329046448,0.031554727194209896,0.1006897600988547,0.0
21,b,The job for the cleaning lady's helper,singular,are,The job for the cleaning lady's helper are tiring.,eng_syn_stimuli.csv,english,1.1725578,-0.23372677040636822,0.009090776598592734,0.24281754700496094,1.2973439,0.0013772668605938657,0.020762354800019624,0.019385087939425758,6,2.0382938,-0.06721415184438229,0.03240754144887129,0.09962169329325359,0.0
21,c,The job for the cleaningladies' helper,plural,is,The job for the cleaningladies' helper is tiring.,eng_syn_stimuli.csv,english,1.3870149,-0.45227833537069273,0.008683556386631607,0.4609618917573243,1.3043256,-0.0376171036206353,0.030381235655210566,0.06799833927584586,6,2.0672617,-0.15621055103838444,0.03135875426232815,0.18756930530071259,0.0
21,d,The job for the cleaningladies' helper,plural,are,The job for the cleaningladies' helper are tiring.,eng_syn_stimuli.csv,english,1.3949608,-0.4736085305571578,0.008305661694703304,0.4819141922518611,1.2976681,-0.047163799140518166,0.021718758080927332,0.0688825572214455,6,2.0681517,-0.1598504539579153,0.028868237510323524,0.18871869146823883,0.0
22,a,The restaurant near the fisherman's dock,singular,is,The restaurant near the fisherman's dock is closed down.,eng_syn_stimuli.csv,english,1.5543005,-0.45835124132281635,0.01899599592143204,0.4773472372442484,1.1319062,-0.04571668369722756,0.01570722886943246,0.06142391256666002,6,1.360195,-0.13563389796763659,0.015362727455794811,0.1509966254234314,0.0
22,b,The restaurant near the fisherman's dock,singular,are,The restaurant near the fisherman's dock are closed down.,eng_syn_stimuli.csv,english,1.5595567,-0.47822614868055097,0.01728903318871744,0.4955151818692684,1.0733782,-0.04026485364250004,0.014632513368257095,0.054897367010757134,6,1.352968,-0.14235605765134096,0.015226523391902447,0.1575825810432434,0.0
22,c,The restaurant near the fishermans' dock,plural,is,The restaurant near the fishermans' dock is closed down.,eng_syn_stimuli.csv,english,1.4927235,-0.5232040937204147,0.015310276005766354,0.538514369726181,1.1659356,-0.048302645838491184,0.015836024278091644,0.06413867011658284,6,1.3943135,-0.15478836465626955,0.015369410626590252,0.1701577752828598,0.0
22,d,The restaurant near the fishermans' dock,plural,are,The restaurant near the fishermans' dock are closed down.,eng_syn_stimuli.csv,english,1.488159,-0.5441256978956517,0.013260309264296666,0.5573860071599483,1.0973556,-0.040882391787031694,0.014688524332486496,0.055570916119518185,6,1.4027321,-0.15882288105785847,0.015063298866152763,0.17388617992401123,0.0
23,a,The uniform containing the policeman's key,singular,is,The uniform containing the policeman's key is missing.,eng_syn_stimuli.csv,english,1.4464477,-0.4565425533335656,0.021692290576174854,0.47823484390974047,1.2474515,-0.04655806702723886,0.017491814289395724,0.06404988131663458,6,1.3549212,-0.10081009939312935,0.027437757700681686,0.12824785709381104,1.0
23,b,The uniform containing the policeman's key,singular,are,The uniform containing the policeman's key are missing.,eng_syn_stimuli.csv,english,1.4926549,-0.47054268068168315,0.02312251233961433,0.49366519302129747,1.2432522,-0.041354703550948085,0.016729467711573437,0.05808417126252152,6,1.4035949,-0.09773452766239643,0.02835082821547985,0.12608535587787628,1.0
23,c,The uniform containing the policemans' key,plural,is,The uniform containing the policemans' key is missing.,eng_syn_stimuli.csv,english,1.442281,-0.5478905203111936,0.020264909946126862,0.5681554302573204,1.2865165,-0.049995650466239605,0.01711178139536965,0.06710743186160925,6,1.4765776,-0.12700967863202095,0.03189213201403618,0.15890181064605713,1.0
23,d,The uniform containing the policemans' key,plural,are,The uniform containing the policemans' key are missing.,eng_syn_stimuli.csv,english,1.4447534,-0.5674212565238121,0.02046330668381415,0.5878845632076264,1.3161407,-0.047115229602883946,0.016458579788302893,0.06357380939118684,6,1.5455256,-0.13134822994470596,0.031499408185482025,0.162847638130188,1.0
24,a,The visit with the student's teacher,singular,is,The visit with the student's teacher is informative.,eng_syn_stimuli.csv,english,1.3577716,-0.47815143490297485,0.01891114910977194,0.49706258401274683,1.2436981,-0.03867014857654748,0.016366755704846594,0.05503690428139407,6,1.3234434,-0.10444563627243042,0.022039175033569336,0.12648481130599976,1.0
24,b,The visit with the student's teacher,singular,are,The visit with the student's teacher are informative.,eng_syn_stimuli.csv,english,1.367381,-0.48940247120917774,0.018315519666066392,0.5077179908752442,1.1765498,-0.03339706705495431,0.015080387005696564,0.04847745406065087,6,1.2965069,-0.10194124467670918,0.02125667594373226,0.12319792062044144,1.0
24,c,The visit with the students' teacher,plural,is,The visit with the students' teacher is informative.,eng_syn_stimuli.csv,english,1.1561838,-0.4895722927438328,0.011314271212904714,0.5008865639567375,1.2528347,-0.014692517294495212,0.02071996051199907,0.03541247780649428,6,1.4519453,-0.11180781200528145,0.025665264576673508,0.13747307658195496,1.0
24,d,The visit with the students' teacher,plural,are,The visit with the students' teacher are informative.,eng_syn_stimuli.csv,english,1.1394753,-0.5063659381550678,0.01058942932068021,0.5169553674757481,1.2063165,-0.014089701778603825,0.019416963752365745,0.03350666553096957,6,1.4360198,-0.1123734638094902,0.02415061742067337,0.13652408123016357,0.0
25,a,The antique trunk for the child's toy,singular,is,The antique trunk for the child's toy is large.,eng_syn_stimuli.csv,english,1.1576444,-0.16172947420644354,0.011868857462513916,0.17359833166895744,1.2148532,-0.0018691197083995693,0.019564920368632506,0.021434040077032077,6,1.8065628,-0.05416013083110253,0.022565985408922035,0.07672611624002457,0.0
25,b,The antique trunk for the child's toy,singular,are,The antique trunk for the child's toy are large.,eng_syn_stimuli.csv,english,1.1491696,-0.1609427691037581,0.01197314823822732,0.17291591734198544,1.2099147,-0.002929293546437639,0.018397481426324132,0.02132677497276177,6,1.7653612,-0.051609884637097515,0.022098818483452003,0.07370870312054952,0.0
25,c,The antique trunk for the children's toy,plural,is,The antique trunk for the children's toy is large.,eng_syn_stimuli.csv,english,1.1480268,-0.1802541650125022,0.011186384356157457,0.19144054936865965,1.2296035,-0.007614221509248427,0.017395929002842103,0.02501015051209053,6,1.7153953,-0.062453253815571465,0.01778974011540413,0.0802429939309756,0.0
25,d,The antique trunk for the children's toy,plural,are,The antique trunk for the children's toy are large.,eng_syn_stimuli.csv,english,1.1386741,-0.17876717663424035,0.011197310695661145,0.1899644873299015,1.226464,-0.007548370057656336,0.017047261223419163,0.0245956312810755,6,1.6944739,-0.056228495513399444,0.01799333778520425,0.0742218332986037,0.0
26,a,The car with the policeman's insignia,singular,is,The car with the policeman's insignia is new.,eng_syn_stimuli.csv,english,1.4273472,-0.38728212030691794,0.020401398967078422,0.4076835192739964,1.1539136,-0.041864996303783424,0.011343220809081563,0.05320821711286498,6,1.5836964,-0.08977029100060463,0.032495733350515366,0.12226602435112,1.0
26,b,The car with the policeman's insignia,singular,are,The car with the policeman's insignia are new.,eng_syn_stimuli.csv,english,1.4196179,-0.4039998282241868,0.018940554137225264,0.42294038236141207,1.1365458,-0.03898577418663321,0.010523551258686311,0.04950932544531952,6,1.5750935,-0.09528190828859806,0.031088104471564293,0.12637001276016235,0.0
26,c,The car with the policemans' insignia,plural,is,The car with the policemans' insignia is new.,eng_syn_stimuli.csv,english,1.3621583,-0.47247340606554644,0.019218871723569463,0.4916922777891159,1.1728041,-0.04719943783591389,0.011130671159500883,0.05833010899541478,6,1.6299953,-0.11077127233147621,0.03190482780337334,0.14267610013484955,1.0
26,d,The car with the policemans' insignia,plural,are,The car with the policemans' insignia are new.,eng_syn_stimuli.csv,english,1.3344206,-0.49504816317057704,0.017084921066998503,0.5121330842375755,1.165477,-0.04510767351968452,0.010283361159266225,0.05539103467895075,6,1.6510282,-0.12168105877935886,0.03014921210706234,0.1518302708864212,0.0
27,a,The invasion of the enemy's bunker,singular,is,The invasion of the enemy's bunker is merciless.,eng_syn_stimuli.csv,english,1.3870159,-0.3338163153966889,0.02496920994017273,0.3587855253368616,1.1741258,-0.024254700203582495,0.02527927060820287,0.049533970811785365,6,1.3004459,-0.06059086322784424,0.06783269345760345,0.1284235566854477,1.0
27,b,The invasion of the enemy's bunker,singular,are,The invasion of the enemy's bunker are merciless.,eng_syn_stimuli.csv,english,1.4059892,-0.33703530667698944,0.020969220862025396,0.3580045275390148,1.1776127,-0.02321144879967338,0.021657941522182082,0.04486939032185546,6,1.3357005,-0.05576469004154205,0.0701894462108612,0.12595413625240326,1.0
27,c,The invasion of the enemies' bunker,plural,is,The invasion of the enemies' bunker is merciless.,eng_syn_stimuli.csv,english,1.2594337,-0.3966918857593555,0.013214352651266381,0.4099062384106219,1.1263256,-0.01097533075565238,0.02770125223420621,0.038676582989858585,6,1.2858078,-0.049633100628852844,0.06457974016666412,0.11421284079551697,1.0
27,d,The invasion of the enemies' bunker,plural,are,The invasion of the enemies' bunker are merciless.,eng_syn_stimuli.csv,english,1.2463045,-0.4031208624364808,0.01172334651928395,0.4148442089557648,1.1338282,-0.011745599656684647,0.02482095788931815,0.0365665575460028,6,1.3133036,-0.05286261439323425,0.06411449611186981,0.11697711050510406,1.0
28,a,The memo from the supervisor's lawyer,singular,is,The memo from the supervisor's lawyer is harsh.,eng_syn_stimuli.csv,english,1.3763908,-0.526096572203096,0.010106509330216795,0.5362030815333128,1.3071359,-0.0293966714951866,0.023228076454080152,0.05262474794926675,6,1.5588009,-0.11782114952802658,0.03235597163438797,0.15017712116241455,1.0
28,b,The memo from the supervisor's lawyer,singular,are,The memo from the supervisor's lawyer are harsh.,eng_syn_stimuli.csv,english,1.4027905,-0.5394911587936804,0.010005355556495487,0.5494965143501759,1.2647661,-0.02462028401596868,0.021592767653141748,0.046213051669110425,6,1.4965686,-0.10670052841305733,0.03163022920489311,0.13833075761795044,1.0
28,c,The memo from the supervisors' lawyer,plural,is,The memo from the supervisors' lawyer is harsh.,eng_syn_stimuli.csv,english,1.118839,-0.5439186591518592,0.007943943901591411,0.5518626030534506,1.2482817,-0.009289851574407848,0.024965057355260535,0.034254908929668385,6,1.4784338,-0.1128268651664257,0.032622355967760086,0.1454492211341858,1.0
28,d,The memo from the supervisors' lawyer,plural,are,The memo from the supervisors' lawyer are harsh.,eng_syn_stimuli.csv,english,1.141584,-0.547821228228895,0.007518458716185705,0.5553396869450807,1.2137951,-0.009171584932665056,0.0223625981699346,0.03153418310259966,6,1.4369109,-0.11097539216279984,0.03068351000547409,0.14165890216827393,1.0
29,a,The picnic with the baby's caretaker,singular,is,The picnic with the baby's caretaker is enjoyable.,eng_syn_stimuli.csv,english,1.391176,-0.46905765120318393,0.015688436884374823,0.48474608808755876,1.1459215,-0.033903938474534184,0.021772463204476993,0.05567640167901118,6,1.3164682,-0.11130218394100666,0.018036557361483574,0.12933874130249023,0.0
29,b,The picnic with the baby's caretaker,singular,are,The picnic with the baby's caretaker are enjoyable.,eng_syn_stimuli.csv,english,1.409236,-0.47466225129610395,0.014991729994653724,0.48965398129075766,1.1390951,-0.028030576955638275,0.023165200203430436,0.051195777159068714,6,1.2743777,-0.10130391269922256,0.018065303564071655,0.11936921626329422,0.0
29,c,The picnic with the babies' caretaker,plural,is,The picnic with the babies' caretaker is enjoyable.,eng_syn_stimuli.csv,english,1.2146485,-0.47143821147328707,0.011685531688272022,0.4831237431615591,1.1378909,-0.024626835259874726,0.02358386719903365,0.04821070245890837,6,1.3320129,-0.10831870883703232,0.017536558210849762,0.12585526704788208,0.0
29,d,The picnic with the babies' caretaker,plural,are,The picnic with the babies' caretaker are enjoyable.,eng_syn_stimuli.csv,english,1.2154627,-0.47773788641788995,0.011030488781398163,0.4887683751992881,1.1334784,-0.02103547596611861,0.023927263479549765,0.04496273944566838,6,1.3304927,-0.10609714686870575,0.017567671835422516,0.12366481870412827,0.0
30,a,The tiny fountain in the elf's garden,singular,is,The tiny fountain in the elf's garden is amusing.,eng_syn_stimuli.csv,english,1.1212705,-0.1554979295423891,0.008516695533504997,0.1640146250758941,1.2741134,0.0002081927774598702,0.023949892280164694,0.023741699502704824,6,1.8084866,-0.07300789467990398,0.018378925199309986,0.09138681987921397,0.0
30,b,The tiny fountain in the elf's garden,singular,are,The tiny fountain in the elf's garden are amusing.,eng_syn_stimuli.csv,english,1.1271158,-0.15494387447524788,0.008586699526434434,0.1635305740016823,1.2685844,0.0001010163798533544,0.022572104300157454,0.0224710879203041,6,1.7970883,-0.06862699550886948,0.018151297544439633,0.08677829305330913,0.0
30,c,The tiny fountain in the elves' garden,plural,is,The tiny fountain in the elves' garden is amusing.,eng_syn_stimuli.csv,english,1.007704,-0.16077970684471551,0.005941847421689772,0.16672155426640528,1.2901253,-0.004751989431103415,0.018744384877000787,0.023496374308104202,6,1.636869,-0.06099684862419963,0.015328083653002977,0.0763249322772026,0.0
30,d,The tiny fountain in the elves' garden,plural,are,The tiny fountain in the elves' garden are amusing.,eng_syn_stimuli.csv,english,1.005544,-0.16078270570923792,0.006154685808911609,0.1669373915181495,1.2707688,-0.000708192133622132,0.019603355615175698,0.020311547748797832,6,1.6145144,-0.05607389006763697,0.015428653918206692,0.07150254398584366,0.0
31,a,The truck with the fireman's hose,singular,is,The truck with the fireman's hose is leaving.,eng_syn_stimuli.csv,english,1.551461,-0.43924946076585913,0.010941409325459972,0.4501908700913191,1.4188621,-0.055612400268561936,0.02685557766538569,0.08246797793394763,6,1.2689519,-0.10113776102662086,0.018836449831724167,0.11997421085834503,1.0
31,b,The truck with the fireman's hose,singular,are,The truck with the fireman's hose are leaving.,eng_syn_stimuli.csv,english,1.5728961,-0.4417881546833087,0.011277718999190256,0.45306587368249895,1.377755,-0.04617320613434419,0.02595435689489971,0.0721275630292439,6,1.2819297,-0.09995061531662941,0.018387209624052048,0.11833782494068146,0.0
31,c,The truck with the firemans' hose,plural,is,The truck with the firemans' hose is leaving.,eng_syn_stimuli.csv,english,1.4416784,-0.47321680953900797,0.013048698919010348,0.4862655084580183,1.4328945,-0.06052632861343582,0.024793871014377234,0.08532019962781305,6,1.2643095,-0.10867165587842464,0.01915130950510502,0.12782296538352966,1.0
31,d,The truck with the firemans' hose,plural,are,The truck with the firemans' hose are leaving.,eng_syn_stimuli.csv,english,1.4401863,-0.4821710764837917,0.013302596710855142,0.49547367319464686,1.4119892,-0.05537949167532602,0.023921500717692515,0.07930099239301854,6,1.3098121,-0.11877558752894402,0.018662039190530777,0.1374376267194748,0.0
32,a,The response to the country's attack,singular,is,The response to the country's attack is immediate.,eng_syn_stimuli.csv,english,1.684778,-0.4381720161589328,0.014938464149599895,0.45311048030853274,1.2845552,-0.07505792820761062,0.011878959684650813,0.08693688789226144,6,1.5511117,-0.11225185543298721,0.03759079426527023,0.14984264969825745,1.0
32,b,The response to the country's attack,singular,are,The response to the country's attack are immediate.,eng_syn_stimuli.csv,english,1.6796757,-0.4489138826582348,0.015562477722414769,0.46447636038064954,1.1105226,-0.06476684651807577,0.008739643764413049,0.07350649028248882,6,1.5235331,-0.11348051950335503,0.035698581486940384,0.1491791009902954,1.0
32,c,The response to the countries' attack,plural,is,The response to the countries' attack is immediate.,eng_syn_stimuli.csv,english,1.4743034,-0.4913428506348282,0.011233831336721779,0.50257668197155,1.2695713,-0.04854100886767014,0.013776200130513417,0.06231720899818356,6,1.4240313,-0.09035702049732208,0.0347587913274765,0.12511581182479858,1.0
32,d,The response to the countries' attack,plural,are,The response to the countries' attack are immediate.,eng_syn_stimuli.csv,english,1.4313886,-0.5009200235945173,0.011203413631301373,0.5121234372258187,1.0828264,-0.04226644758728639,0.010471598318866881,0.052738045906153275,6,1.405226,-0.09373364597558975,0.0338846817612648,0.12761832773685455,1.0
1,a,The slogan on the poster,singular,is,The slogan on the poster is designed to get attention.,eng_no_syn_stimuli.csv,english,1.6612478,-0.07816022816114128,0.13259306275285782,0.21075329091399908,1.0185986,0.02118501453425097,0.03428789693784893,0.01310288240359796,6,2.1274142,0.099855937063694,0.14490735530853271,0.045051418244838715,1.0
1,b,The slogan on the posters,plural,is,The slogan on the posters is designed to get attention.,eng_no_syn_stimuli.csv,english,1.6539749,-0.07686015840154141,0.14201008521486075,0.21887024361640214,1.0278667,0.015278500604728152,0.033880280609537294,0.018601780004809144,6,2.0821333,0.09245827794075012,0.15706424415111542,0.0646059662103653,1.0
1,c,The slogan on the poster,singular,are,The slogan on the poster are designed to get attention.,eng_no_syn_stimuli.csv,english,1.5557976,-0.0972270905971527,0.1382828766480088,0.23550996724516154,1.1222608,0.026211406380207337,0.03982523318718449,0.013613826806977158,6,2.042252,0.0369076207280159,0.07701808959245682,0.04011046886444092,1.0
1,d,The slogan on the posters,plural,are,The slogan on the posters are designed to get attention.,eng_no_syn_stimuli.csv,english,1.5733618,-0.21670355712994932,0.09656103560701013,0.31326459273695945,1.0825323,0.01847287544942162,0.03823732756547997,0.019764452116058352,6,2.1288893,0.004983358085155487,0.07684226334095001,0.07185890525579453,1.0
2,a,The picture on the flier,singular,is,The picture on the flier is of a village church in the south of France.,eng_no_syn_stimuli.csv,english,1.6012001,-0.0908210561494343,0.15785701564745977,0.24867807179689408,1.3167045,0.00017306802669736499,0.01670195796227745,0.016528889935580084,6,2.2353826,0.0855211392045021,0.11730323731899261,0.03178209811449051,1.0
2,b,The picture on the fliers,plural,is,The picture on the fliers is of a village church in the south of France.,eng_no_syn_stimuli.csv,english,1.6104629,-0.09518150278599932,0.15124578959075735,0.24642729237675667,1.3164655,-0.003005653225500282,0.016459867239518644,0.019465520465018926,6,2.2253227,0.07485684379935265,0.11625684797763824,0.0414000041782856,1.0
2,c,The picture on the flier,singular,are,The picture on the flier are of a village church in the south of France.,eng_no_syn_stimuli.csv,english,1.5638219,-0.13756976538570598,0.13930409661261364,0.27687386199831965,1.4093847,-0.008002793448645207,0.015296763313131123,0.02329955676177633,6,2.1488178,0.061850955709815025,0.09225490689277649,0.030403951182961464,1.0
2,d,The picture on the fliers,plural,are,The picture on the fliers are of a village church in the south of France.,eng_no_syn_stimuli.csv,english,1.5416265,-0.3239171577384695,0.077176289469935,0.40109344720840456,1.3869131,-0.015364796717949502,0.014492575315489375,0.029857372033438877,6,2.179707,0.024003319442272186,0.07930408418178558,0.0553007647395134,1.0
3,a,The mistake in the program,singular,is,The mistake in the program is disastrous for the small software company.,eng_no_syn_stimuli.csv,english,1.5547903,-0.056419198925141245,0.12901129176607357,0.1854304906912148,1.14838,-0.005560395786625349,0.011817844228210106,0.017378240014835455,6,1.956845,0.05380911007523537,0.07346301525831223,0.01965390518307686,1.0
3,b,The mistake in the programs,plural,is,The mistake in the programs is disastrous for the small software company.,eng_no_syn_stimuli.csv,english,1.4718703,-0.0878107704455033,0.1287246128777042,0.2165353833232075,1.1543354,-0.00680078375289952,0.012065943849268023,0.018866727602167545,6,1.9495581,0.023408964276313782,0.06630946695804596,0.04290050268173218,1.0
3,c,The mistake in the program,singular,are,The mistake in the program are disastrous for the small software company.,eng_no_syn_stimuli.csv,english,1.4022677,-0.07067990571376867,0.13559118059347383,0.2062710863072425,1.2208523,-0.0016616533298304148,0.014499657715361991,0.016161311045192406,6,1.7994428,0.022442487999796867,0.04018228128552437,0.0177397932857275,0.0
3,d,The mistake in the programs,plural,are,The mistake in the programs are disastrous for the small software company.,eng_no_syn_stimuli.csv,english,1.3959687,-0.21904120198232704,0.09577157940002508,0.31481278138235214,1.1866249,-0.008011681550050298,0.01384939542210759,0.02186107697215789,6,1.9264723,0.03262737952172756,0.05667191371321678,0.02404453419148922,1.0
4,a,The label on the container,singular,is,The label on the container is a warning about the hazardous chemicals inside.,eng_no_syn_stimuli.csv,english,1.6159475,0.026369281171355397,0.18038023026892916,0.15401094909757376,1.4104027,0.02707247591563373,0.0424238926152384,0.015351416699604669,6,2.108789,0.10009358078241348,0.12816424667835236,0.028070665895938873,1.0
4,b,The label on the containers,plural,is,The label on the containers is a warning about the hazardous chemicals inside.,eng_no_syn_stimuli.csv,english,1.6078274,0.00962147805839777,0.18289976185187698,0.1732782837934792,1.4155016,0.025909353862283525,0.04251078346208033,0.016601429599796803,6,2.124593,0.09120726585388184,0.1350460946559906,0.043838828802108765,1.0
4,c,The label on the container,singular,are,The label on the container are a warning about the hazardous chemicals inside.,eng_no_syn_stimuli.csv,english,1.5416743,-0.0018927011638879775,0.1914671127218753,0.1933598138857633,1.462637,0.013525046862116596,0.03269397010035391,0.019168923238237313,6,2.088514,0.06917935982346535,0.09566344320774078,0.026484083384275436,1.0
4,d,The label on the containers,plural,are,The label on the containers are a warning about the hazardous chemicals inside.,eng_no_syn_stimuli.csv,english,1.5460107,-0.08384320049372036,0.17365083635959308,0.25749403685331346,1.4431622,0.007710024651305503,0.031531439885111465,0.023821415233805966,6,2.1330814,0.06035890057682991,0.09476566314697266,0.034406762570142746,1.0
5,a,The problem in the store,singular,is,The problem in the store is solved by firing the custodian.,eng_no_syn_stimuli.csv,english,1.476746,-0.0743324816110544,0.1443316187360324,0.21866410034708678,1.261967,0.013568614043742854,0.023467896283909793,0.00989928224016694,6,2.1766615,0.0323825441300869,0.09327387064695358,0.060891326516866684,1.0
5,b,The problem in the stores,plural,is,The problem in the stores is solved by firing the custodian.,eng_no_syn_stimuli.csv,english,1.4387622,-0.1336783985607326,0.12489732624962926,0.25857572481036184,1.2820504,0.009098475267273897,0.023042893021920464,0.013944417754646565,6,2.1996088,0.0055097490549087524,0.08727814257144928,0.08176839351654053,1.0
5,c,The problem in the store,singular,are,The problem in the store are solved by firing the custodian.,eng_no_syn_stimuli.csv,english,1.4558203,-0.08796176702016964,0.16918953506974505,0.25715130208991466,1.3601564,0.008027003939241694,0.022147501685503813,0.014120497746262117,6,2.1243594,0.018123436719179153,0.07965779304504395,0.06153435632586479,1.0
5,d,The problem in the stores,plural,are,The problem in the stores are solved by firing the custodian.,eng_no_syn_stimuli.csv,english,1.4794762,-0.31597946947440503,0.08668298274278641,0.40266245221719144,1.3351165,-0.0026073658568748215,0.020444681862500147,0.02305204771937497,6,2.2251525,-0.027178771793842316,0.0683901384472847,0.09556891024112701,0.0
6,a,The name on the billboard,singular,is,The name on the billboard is of a prominent local businessman.,eng_no_syn_stimuli.csv,english,1.5634993,-0.0816656956449151,0.16225554551929236,0.24392124116420746,1.2865007,0.012911134709224826,0.03699130394522854,0.02408016923600371,6,1.9906349,0.10932480171322823,0.14429378509521484,0.03496898338198662,1.0
6,b,The name on the billboards,plural,is,The name on the billboards is of a prominent local businessman.,eng_no_syn_stimuli.csv,english,1.7055393,-0.11986868137028069,0.14509054927621037,0.2649592306464911,1.3189393,-0.004301261168973269,0.028498280759788486,0.032799541928761757,6,2.0927358,0.10176952183246613,0.1642613708972931,0.062491849064826965,1.0
6,c,The name on the billboard,singular,are,The name on the billboard are of a prominent local businessman.,eng_no_syn_stimuli.csv,english,1.5457134,-0.03340244726277888,0.19708360652439297,0.23048605378717185,1.3858789,0.0009880929415686523,0.034118251954782866,0.033130159013214214,6,1.9122505,0.07378777861595154,0.10080540180206299,0.02701762318611145,1.0
6,d,The name on the billboards,plural,are,The name on the billboards are of a prominent local businessman.,eng_no_syn_stimuli.csv,english,1.6343992,-0.25266353724873625,0.1294206953200046,0.38208423256874086,1.3678885,-0.010785640808558128,0.028513012961388993,0.03929865376994712,6,2.0598123,0.042717255651950836,0.08964558690786362,0.04692833125591278,1.0
7,a,The crime in the suburb,singular,is,The crime in the suburb is a reflection of the violence in today's society.,eng_no_syn_stimuli.csv,english,1.7047707,-0.08309159497730434,0.13011875436641276,0.2132103493437171,1.3239454,-0.0027913812808606055,0.014659793113810337,0.01745117439467094,6,1.99237,0.009856129065155983,0.039594873785972595,0.029738744720816612,1.0
7,b,The crime in the suburbs,plural,is,The crime in the suburbs is a reflection of the violence in today's society.,eng_no_syn_stimuli.csv,english,1.6655552,-0.1236679881811142,0.12357218307442963,0.24724017125554382,1.3125489,-0.002539509958409525,0.014305206637050105,0.01684471659545963,6,2.0153458,-0.012884240597486496,0.03222660347819328,0.04511084407567978,0.0
7,c,The crime in the suburb,singular,are,The crime in the suburb are a reflection of the violence in today's society.,eng_no_syn_stimuli.csv,english,1.6081438,-0.07454165437957272,0.1285485176835209,0.20309017206309363,1.3517301,0.0023150442928567827,0.02496422947170913,0.02264918517885235,6,1.7742026,0.01576780155301094,0.03590270131826401,0.020134899765253067,1.0
7,d,The crime in the suburbs,plural,are,The crime in the suburbs are a reflection of the violence in today's society.,eng_no_syn_stimuli.csv,english,1.5551169,-0.25964352387236433,0.08234817729098723,0.34199170116335154,1.3257387,-0.0007757606251814764,0.023186755894357702,0.02396251651953918,6,1.9044082,-0.0056424327194690704,0.03412754461169243,0.0397699773311615,0.0
8,a,The defect in the appliance,singular,is,The defect in the appliance is unknown to consumers and government regulators.,eng_no_syn_stimuli.csv,english,1.5787481,-0.04013992277905345,0.15172716015949844,0.1918670829385519,1.231262,-0.024355461781258664,0.006662809119611329,0.031018270900869994,6,1.9955486,0.051483869552612305,0.07609006762504578,0.02460619807243347,1.0
8,b,The defect in the appliances,plural,is,The defect in the appliances is unknown to consumers and government regulators.,eng_no_syn_stimuli.csv,english,1.4471766,-0.06832694907207042,0.1434746002079919,0.2118015492800623,1.1609781,-0.0030129621766946,0.008955637146118533,0.011968599322813134,6,1.9499159,0.030380576848983765,0.05503280460834503,0.024652227759361267,1.0
8,c,The defect in the appliance,singular,are,The defect in the appliance are unknown to consumers and government regulators.,eng_no_syn_stimuli.csv,english,1.5437762,-0.030086100986227392,0.19188375701196492,0.2219698579981923,1.2739451,-0.025399146584059708,0.0074638909566049575,0.032863037540664664,6,2.0260315,0.0378610473126173,0.0591837577521801,0.021322710439562798,1.0
8,d,The defect in the appliances,plural,are,The defect in the appliances are unknown to consumers and government regulators.,eng_no_syn_stimuli.csv,english,1.3348061,-0.25676995002431796,0.10599290906684473,0.3627628590911627,1.2001336,-0.008266530974844954,0.008770833800599575,0.01703736477544453,6,1.9939201,0.026124943047761917,0.042921584099531174,0.016796641051769257,1.0
9,a,The citation on the notecard,singular,is,The citation on the notecard is quite difficult to track down using the library's limited resources.,eng_no_syn_stimuli.csv,english,1.5328257,-0.029867232823744417,0.18615113734267652,0.21601837016642095,1.5146862,-0.013407139631635801,0.01821224589857593,0.03161938553021173,6,2.2604318,0.04219359904527664,0.0834890753030777,0.041295476257801056,1.0
9,b,The citation on the notecards,plural,is,The citation on the notecards is quite difficult to track down using the library's limited resources.,eng_no_syn_stimuli.csv,english,1.4659364,-0.014521791005972774,0.18833139700582252,0.20285318801179528,1.5102512,-0.024038878427745658,0.016851475444491372,0.04089035387223703,6,2.2512388,0.04288220778107643,0.09575045108795166,0.05286824330687523,1.0
9,c,The citation on the notecard,singular,are,The citation on the notecard are quite difficult to track down using the library's limited resources.,eng_no_syn_stimuli.csv,english,1.5370642,-0.06936004284070804,0.1640051956172101,0.23336523845791818,1.5432851,-0.008287435518468556,0.01932533045546734,0.027612765973935895,6,2.2886927,0.04084886610507965,0.07923996448516846,0.038391098380088806,1.0
9,d,The citation on the notecards,plural,are,The citation on the notecards are quite difficult to track down using the library's limited resources.,eng_no_syn_stimuli.csv,english,1.6132782,-0.13714323352323846,0.14245735582662747,0.2796005893498659,1.5213821,-0.021146547057833233,0.01653175587189253,0.03767830292972576,6,2.3477216,0.0354594811797142,0.07537536323070526,0.03991588205099106,1.0
10,a,The advertisement on the skyscraper,singular,is,The advertisement on the skyscraper is hard to read except from a long distance away.,eng_no_syn_stimuli.csv,english,1.6304373,-0.0749562880024314,0.14676009137183427,0.22171637937426567,1.4492097,-0.00018573573457913994,0.015861235592046795,0.016046971326625935,6,2.1577928,0.007918566465377808,0.05743888020515442,0.04952031373977661,0.0
10,b,The advertisement on the skyscrapers,plural,is,The advertisement on the skyscrapers is hard to read except from a long distance away.,eng_no_syn_stimuli.csv,english,1.7271029,-0.14197279198560864,0.13853566122706978,0.2805084532126784,1.4902514,-0.020535945302836468,0.012036910228948728,0.0325728555317852,6,2.2153187,-0.02321387082338333,0.05850043147802353,0.08171430230140686,0.0
10,c,The advertisement on the skyscraper,singular,are,The advertisement on the skyscraper are hard to read except from a long distance away.,eng_no_syn_stimuli.csv,english,1.5119385,-0.10187535645090975,0.11583827309659682,0.21771362954750656,1.5133829,-0.0018577427833605497,0.01822645587194529,0.020084198655305842,6,2.0512826,0.011254966259002686,0.04706024378538132,0.03580527752637863,0.0
10,d,The advertisement on the skyscrapers,plural,are,The advertisement on the skyscrapers are hard to read except from a long distance away.,eng_no_syn_stimuli.csv,english,1.6757317,-0.30595984551109723,0.0846944978555257,0.3906543433666229,1.5102838,-0.018558629374138037,0.013552192915562955,0.03211082228970099,6,2.217106,-0.012573063373565674,0.04845845699310303,0.0610315203666687,0.0
11,a,The traitor in the camp,singular,is,The traitor in the camp is passing information to the enemy through various secret methods.,eng_no_syn_stimuli.csv,english,1.6873524,-0.056330682412954046,0.13103918760898522,0.18736987002193928,1.3493468,0.012420388016664674,0.025955749244269556,0.01353536122760488,6,2.174753,0.029587090015411377,0.057318851351737976,0.0277317613363266,1.0
11,b,The traitor in the camps,plural,is,The traitor in the camps is passing information to the enemy through various secret methods.,eng_no_syn_stimuli.csv,english,1.6454846,-0.08649991407291964,0.13242345926119015,0.21892337333410977,1.3507206,0.009638874547670184,0.025354000284937683,0.0157151257372675,6,2.1836839,0.0007729716598987579,0.057933300733566284,0.057160329073667526,1.0
11,c,The traitor in the camp,singular,are,The traitor in the camp are passing information to the enemy through various secret methods.,eng_no_syn_stimuli.csv,english,1.6878624,-0.10298526004480664,0.1085365491308039,0.21152180917561053,1.3726587,0.007636557166887314,0.019797405850528093,0.01216084868364078,6,2.135199,0.0105136688798666,0.039298783987760544,0.028785115107893944,0.0
11,d,The traitor in the camps,plural,are,The traitor in the camps are passing information to the enemy through various secret methods.,eng_no_syn_stimuli.csv,english,1.6481091,-0.18418239946331597,0.09818772194121266,0.2823701214045286,1.3569334,-9.855962714482303e-05,0.01774838201727107,0.017846941644415894,6,2.183008,-0.006263691931962967,0.04095987603068352,0.047223567962646484,0.0
12,a,The flaw in the argument,singular,is,The flaw in the argument is clear to everyone in the lecture hall after just five minutes.,eng_no_syn_stimuli.csv,english,1.5191164,-0.13036390898632816,0.12843184879166075,0.2587957577779889,1.3099226,-0.013540141113638526,0.014450417500677304,0.02799055861431583,6,2.243358,0.01385188102722168,0.0605182871222496,0.046666406095027924,1.0
12,b,The flaw in the arguments,plural,is,The flaw in the arguments is clear to everyone in the lecture hall after just five minutes.,eng_no_syn_stimuli.csv,english,1.4742631,-0.1434319978347048,0.12917627834249287,0.2726082761771977,1.2936842,-0.005374048257771236,0.014592465556825118,0.019966513814596354,6,2.2731562,-0.004251323640346527,0.05697879195213318,0.061230115592479706,0.0
12,c,The flaw in the argument,singular,are,The flaw in the argument are clear to everyone in the lecture hall after just five minutes.,eng_no_syn_stimuli.csv,english,1.4511404,-0.059512744133826345,0.194422057189513,0.25393480132333934,1.4253623,-0.008899570332694395,0.021157872153753487,0.030057442486447882,6,2.2462935,0.002454690635204315,0.046633049845695496,0.04417835921049118,1.0
12,d,The flaw in the arguments,plural,are,The flaw in the arguments are clear to everyone in the lecture hall after just five minutes.,eng_no_syn_stimuli.csv,english,1.4549754,-0.23607412818455487,0.12602234688019961,0.3620964750647545,1.3366363,-0.014158023277870769,0.01825421976980124,0.032412243047672006,6,2.3285313,-0.03827490285038948,0.04410594329237938,0.08238084614276886,0.0
13,a,The door to the laboratory,singular,is,The door to the laboratory is left unlocked by the cleaning service.,eng_no_syn_stimuli.csv,english,1.5353881,-0.11105533484369516,0.13946851016953588,0.25052384501323105,1.2257026,0.003402566699263332,0.01842995453865228,0.01502738783938895,6,2.2488103,-0.028382398188114166,0.05046086758375168,0.07884326577186584,0.0
13,b,The door to the laboratories,plural,is,The door to the laboratories is left unlocked by the cleaning service.,eng_no_syn_stimuli.csv,english,1.4450822,-0.12887318418361246,0.144179173046723,0.2730523572303355,1.2365333,3.147155840892424e-05,0.018911746747735946,0.01888027518932702,6,2.2639463,-0.06140781193971634,0.05183606594800949,0.11324387788772583,0.0
13,c,The door to the laboratory,singular,are,The door to the laboratory are left unlocked by the cleaning service.,eng_no_syn_stimuli.csv,english,1.4598465,-0.0988124696072191,0.1850175169762224,0.2838299865834415,1.296447,0.004870306785485922,0.018919221019871202,0.01404891423438528,6,2.173919,-0.030549146234989166,0.040955498814582825,0.07150464504957199,0.0
13,d,The door to the laboratories,plural,are,The door to the laboratories are left unlocked by the cleaning service.,eng_no_syn_stimuli.csv,english,1.4880464,-0.23853475002106278,0.12818220669869335,0.3667169567197561,1.2499697,0.0019186519195024232,0.018752078048834164,0.016833426129331742,6,2.245028,-0.055544205009937286,0.03964363783597946,0.09518784284591675,0.0
14,a,The memo from the supervisor,singular,is,The memo from the supervisor is about the delinquent tax return.,eng_no_syn_stimuli.csv,english,1.4595445,-0.10554853621870279,0.16348680164664983,0.2690353378653526,1.1470762,-0.01368161886280177,0.015223248395750488,0.028904867258552257,6,2.194571,0.0898977518081665,0.13079833984375,0.040900588035583496,1.0
14,b,The memo from the supervisors,plural,is,The memo from the supervisors is about the delinquent tax return.,eng_no_syn_stimuli.csv,english,1.5525681,-0.011527687590569258,0.17698708465322852,0.18851477224379778,1.1344478,-0.010249023319829575,0.014939930103719235,0.02518895342354881,6,2.18422,0.06698798388242722,0.1315855234861374,0.06459753960371017,1.0
14,c,The memo from the supervisor,singular,are,The memo from the supervisor are about the delinquent tax return.,eng_no_syn_stimuli.csv,english,1.4299896,-0.08758991353970487,0.19388094988826196,0.28147086342796684,1.2125671,-0.0011302367593430062,0.02352023941916741,0.024650476178510416,6,2.1416326,0.0794123187661171,0.1246570572257042,0.0452447384595871,1.0
14,d,The memo from the supervisors,plural,are,The memo from the supervisors are about the delinquent tax return.,eng_no_syn_stimuli.csv,english,1.5902582,-0.09541791976953391,0.16390583401953335,0.25932375378906725,1.1656814,0.004137861175058788,0.02240779821390788,0.018269937038849094,6,2.220973,0.04997146874666214,0.1236773282289505,0.07370585948228836,1.0
15,a,The check from the stockbroker,singular,is,The check from the stockbroker is a dividend on a long-term bond.,eng_no_syn_stimuli.csv,english,1.7657455,-0.10948406024836004,0.09001192753203213,0.19949598778039218,1.5021226,-0.038041604123903575,0.0077141466415619865,0.045755750765465564,6,2.332796,0.03613077476620674,0.06532835960388184,0.029197584837675095,0.0
15,b,The check from the stockbrokers,plural,is,The check from the stockbrokers is a dividend on a long-term bond.,eng_no_syn_stimuli.csv,english,1.7788336,-0.10095516708679497,0.09726426717825234,0.19821943426504732,1.5085723,-0.04144692729736975,0.007640376135105228,0.049087303432474985,6,2.3206022,0.04500848799943924,0.0720672681927681,0.027058780193328857,1.0
15,c,The check from the stockbroker,singular,are,The check from the stockbroker are a dividend on a long-term bond.,eng_no_syn_stimuli.csv,english,1.8002815,-0.13150944877415896,0.11058332864195108,0.24209277741611004,1.5454493,-0.04415831706639969,0.008426637023807557,0.05258495409020725,6,2.321049,0.03146407753229141,0.06610393524169922,0.034639857709407806,0.0
15,d,The check from the stockbrokers,plural,are,The check from the stockbrokers are a dividend on a long-term bond.,eng_no_syn_stimuli.csv,english,1.8157861,-0.22079660859890282,0.09641835424117744,0.3172149628400803,1.5304903,-0.0463313874934879,0.007982711160197609,0.05431409865368551,6,2.3518548,0.037712760269641876,0.07157465070486069,0.03386189043521881,1.0
16,a,The key to the cell,singular,is,The key to the cell is rusty from many years of disuse.,eng_no_syn_stimuli.csv,english,1.5328872,0.0030032402602955697,0.20671598974149674,0.20371274948120116,1.2025568,-0.001983297654243188,0.01167459350185709,0.013657891156100277,6,2.1464553,0.08667521178722382,0.1338862031698227,0.04721099138259888,1.0
16,b,The key to the cells,plural,is,The key to the cells is rusty from many years of disuse.,eng_no_syn_stimuli.csv,english,1.5084834,0.02072439037729055,0.20855315926019102,0.18782876888290048,1.2101871,-0.0072056368829283455,0.012203060704428026,0.01940869758735637,6,2.093664,0.10491224378347397,0.14193987846374512,0.03702763468027115,1.0
16,c,The key to the cell,singular,are,The key to the cell are rusty from many years of disuse.,eng_no_syn_stimuli.csv,english,1.514128,-0.015389528428204357,0.21600963219534605,0.23139916062355043,1.3107017,-0.0017049874600530758,0.016757428768096362,0.018462416228149436,6,2.074351,0.03477014601230621,0.09970887750387192,0.0649387314915657,1.0
16,d,The key to the cells,plural,are,The key to the cells are rusty from many years of disuse.,eng_no_syn_stimuli.csv,english,1.572946,-0.2064228151459247,0.13362152162007987,0.34004433676600454,1.2288716,-0.017558011208432943,0.0133424193322071,0.030900430540640046,6,2.156218,0.008772268891334534,0.10404790937900543,0.0952756404876709,1.0
17,a,The letter from the investigator,singular,is,The letter from the investigator is received in San Francisco in late March.,eng_no_syn_stimuli.csv,english,1.5920935,-0.08147523154038935,0.12150256733875722,0.20297779887914658,1.2273595,-0.013155725895692605,0.01838578458687721,0.03154151048256981,6,2.0815365,0.04436668008565903,0.06572612375020981,0.02135944366455078,1.0
17,b,The letter from the investigators,plural,is,The letter from the investigators is received in San Francisco in late March.,eng_no_syn_stimuli.csv,english,1.5824286,-0.03766302093863487,0.13552873432636262,0.17319175526499747,1.2181088,-0.016636670367831563,0.018683315263740497,0.03531998563157206,6,2.097508,0.032158542424440384,0.06741480529308319,0.03525626286864281,1.0
17,c,The letter from the investigator,singular,are,The letter from the investigator are received in San Francisco in late March.,eng_no_syn_stimuli.csv,english,1.4545605,-0.038494859135244044,0.15825206668814645,0.19674692582339048,1.2503765,-0.00896917701887645,0.01673565931681651,0.02570483633569296,6,1.8537097,0.028233755379915237,0.05005732178688049,0.021823566406965256,0.0
17,d,The letter from the investigators,plural,are,The letter from the investigators are received in San Francisco in late March.,eng_no_syn_stimuli.csv,english,1.5856402,-0.11058050889987499,0.13617712480481714,0.24675763370469211,1.214377,-0.024579415328190635,0.015567462352385064,0.0401468776805757,6,2.0127583,0.02355651557445526,0.05681677907705307,0.03326026350259781,0.0
18,a,The entrance to the exhibit,singular,is,The entrance to the exhibit is hard to locate on the diagram.,eng_no_syn_stimuli.csv,english,1.3670472,0.006305213831365108,0.23361576711758972,0.2273105532862246,1.300086,-0.012582416138506858,0.014791456576745077,0.027373872715251935,6,2.0054743,0.03064422681927681,0.06476126611232758,0.034117039293050766,1.0
18,b,The entrance to the exhibits,plural,is,The entrance to the exhibits is hard to locate on the diagram.,eng_no_syn_stimuli.csv,english,1.3389235,0.02504366097273305,0.2337474323809147,0.20870377140818164,1.302799,-0.01017717682839816,0.016105950715609652,0.02628312754400781,6,1.9699004,0.003063701093196869,0.054801903665065765,0.051738202571868896,1.0
18,c,The entrance to the exhibit,singular,are,The entrance to the exhibit are hard to locate on the diagram.,eng_no_syn_stimuli.csv,english,1.3052468,0.0038532113190740346,0.2389674475416541,0.23511423622258007,1.4137033,0.006011727189437011,0.025460314149927398,0.01944858696049039,6,1.9845338,0.024832401424646378,0.05244320631027222,0.02761080488562584,1.0
18,d,The entrance to the exhibits,plural,are,The entrance to the exhibits are hard to locate on the diagram.,eng_no_syn_stimuli.csv,english,1.4078772,-0.17157813225057908,0.16718602340552025,0.3387641556560993,1.3733047,-0.008265137125835053,0.022988516984969464,0.03125365411080452,6,2.1095176,0.00450877845287323,0.06012820824980736,0.05561942979693413,1.0
19,a,The warning from the expert,singular,is,The warning from the expert is a shock to the residents of the city.,eng_no_syn_stimuli.csv,english,1.5602583,-0.11154739304911346,0.15083758004475384,0.2623849730938673,1.2800187,-0.030265521745818803,0.012299206394254724,0.042564728140073525,6,2.0723822,0.018398597836494446,0.058642350137233734,0.04024375230073929,0.0
19,b,The warning from the experts,plural,is,The warning from the experts is a shock to the residents of the city.,eng_no_syn_stimuli.csv,english,1.55872,-0.056130988406948745,0.16748628218192607,0.22361727058887482,1.2676275,-0.015585467403060705,0.013702971079510462,0.029288438482571167,6,1.9597192,0.011838525533676147,0.05543842166662216,0.043599896132946014,0.0
19,c,The warning from the expert,singular,are,The warning from the expert are a shock to the residents of the city.,eng_no_syn_stimuli.csv,english,1.4749017,-0.11684279404580593,0.13448570277541877,0.2513284968212247,1.3494654,-0.032565625767577086,0.013720173898718713,0.0462857996662958,6,1.9497647,0.007369432598352432,0.04956407472491264,0.04219464212656021,0.0
19,d,The warning from the experts,plural,are,The warning from the experts are a shock to the residents of the city.,eng_no_syn_stimuli.csv,english,1.5707232,-0.19831842705607414,0.1202852837741375,0.31860371083021166,1.281708,-0.02408776775096442,0.013329838890376778,0.037417606641341195,6,2.1063287,0.025641635060310364,0.06121149659156799,0.03556986153125763,1.0
20,a,The bridge to the island,singular,is,The bridge to the island is about ten miles off the main highway.,eng_no_syn_stimuli.csv,english,1.5381081,-0.03200159091502428,0.18104202514514328,0.21304361606016756,1.348076,-0.0029392554230753378,0.01703077916690745,0.01997003458998279,6,2.2109118,0.037784144282341,0.07608788460493088,0.038303740322589874,1.0
20,b,The bridge to the islands,plural,is,The bridge to the islands is about ten miles off the main highway.,eng_no_syn_stimuli.csv,english,1.5255573,-0.018957429588772355,0.17670176869723947,0.1956591982860118,1.3476071,-0.005876476683855003,0.016590316255587823,0.022466792939442825,6,2.1990786,0.024143710732460022,0.07475209981203079,0.05060838907957077,1.0
20,c,The bridge to the island,singular,are,The bridge to the island are about ten miles off the main highway.,eng_no_syn_stimuli.csv,english,1.5423439,-0.10405419822200201,0.1392305145098362,0.24328471273183822,1.455497,0.007101126423276582,0.021422628091204387,0.014321501667927805,6,2.1473901,0.04463079571723938,0.08514704555273056,0.04051624983549118,1.0
20,d,The bridge to the islands,plural,are,The bridge to the islands are about ten miles off the main highway.,eng_no_syn_stimuli.csv,english,1.6293437,-0.1868636765924748,0.1105549432861153,0.2974186198785901,1.4051619,-0.004022565818411294,0.018455561350492644,0.02247812716890394,6,2.234218,0.029740288853645325,0.07808121293783188,0.048340924084186554,1.0
21,a,The gift from the visitor,singular,is,The gift from the visitor is a beautiful clock from Germany.,eng_no_syn_stimuli.csv,english,1.4624338,-0.06162832931149751,0.22831002806778997,0.28993835737928747,1.4101845,-0.02398289938871585,0.016875152056945807,0.04085805144566166,6,2.214852,0.07359927147626877,0.15830962359905243,0.08471035212278366,1.0
21,b,The gift from the visitors,plural,is,The gift from the visitors is a beautiful clock from Germany.,eng_no_syn_stimuli.csv,english,1.5113028,0.009933790192008018,0.2343920709565282,0.22445828076452018,1.3812646,-0.017885947711533845,0.017077542077413455,0.0349634897889473,6,2.1843257,0.1021595150232315,0.16969111561775208,0.06753160059452057,1.0
21,c,The gift from the visitor,singular,are,The gift from the visitor are a beautiful clock from Germany.,eng_no_syn_stimuli.csv,english,1.4634333,-0.06268801859114319,0.23110629010479897,0.29379430869594214,1.4206259,-0.02225132282095501,0.015759187299113363,0.038010510120068376,6,2.0384662,0.03848622739315033,0.11928559839725494,0.08079937100410461,1.0
21,d,The gift from the visitors,plural,are,The gift from the visitors are a beautiful clock from Germany.,eng_no_syn_stimuli.csv,english,1.5017723,-0.133826235961169,0.1948663555085659,0.3286925914697349,1.3587167,-0.02653081539174309,0.013644407611946009,0.0401752230036891,6,2.1372662,0.07146529853343964,0.1351088136434555,0.06364351511001587,1.0
22,a,The path to the monument,singular,is,The path to the monument is lined with lovely trees and flowers.,eng_no_syn_stimuli.csv,english,1.4591945,-0.08182472409680486,0.13328112037852408,0.21510584447532893,1.2384342,-0.009545204682136443,0.015126038063681336,0.02467124274581778,6,2.0605705,0.04287141561508179,0.07828626036643982,0.03541484475135803,1.0
22,b,The path to the monuments,plural,is,The path to the monuments is lined with lovely trees and flowers.,eng_no_syn_stimuli.csv,english,1.3968565,-0.11111048783641309,0.12900846034754068,0.24011894818395377,1.22712,-0.009726640573435929,0.015192277955202371,0.0249189185286383,6,2.0917695,-0.018865957856178284,0.06938646733760834,0.08825242519378662,1.0
22,c,The path to the monument,singular,are,The path to the monument are lined with lovely trees and flowers.,eng_no_syn_stimuli.csv,english,1.5741217,-0.059981542825698855,0.1527221743017435,0.21270371712744235,1.2893009,-0.0030423454170261264,0.017192199182363765,0.020234544599389892,6,1.9843273,0.02588788792490959,0.05023146793246269,0.0243435800075531,1.0
22,d,The path to the monuments,plural,are,The path to the monuments are lined with lovely trees and flowers.,eng_no_syn_stimuli.csv,english,1.651866,-0.1592971372185275,0.11847995140124112,0.27777708861976863,1.2555485,-0.009570431185863981,0.016119069129081252,0.025689500314945234,6,2.1045105,-0.011886604130268097,0.04451511800289154,0.05640172213315964,0.0
23,a,The message from the engineer,singular,is,The message from the engineer is about the recent weakening to the building's structural supports.,eng_no_syn_stimuli.csv,english,1.6581833,-0.07138176932930947,0.1799582239240408,0.25133999325335027,1.1390326,0.0017541929279104806,0.021409149928331317,0.019654957000420838,6,2.1166961,0.0651981458067894,0.11311730742454529,0.04791916161775589,1.0
23,b,The message from the engineers,plural,is,The message from the engineers is about the recent weakening to the building's structural supports.,eng_no_syn_stimuli.csv,english,1.6795563,-0.0522754454985261,0.17857986101880668,0.2308553065173328,1.1420691,-0.005129620361367415,0.021375505654395964,0.02650512601576338,6,2.0918722,0.07608332484960556,0.13010135293006897,0.05401802808046341,1.0
23,c,The message from the engineer,singular,are,The message from the engineer are about the recent weakening to the building's structural supports.,eng_no_syn_stimuli.csv,english,1.5731184,-0.10606610979884863,0.18110392829403282,0.28717003809288144,1.2446604,0.004623105756559198,0.023302890856757585,0.01867978510019839,6,2.1122966,0.03132818266749382,0.09355282038450241,0.06222463771700859,1.0
23,d,The message from the engineers,plural,are,The message from the engineers are about the recent weakening to the building's structural supports.,eng_no_syn_stimuli.csv,english,1.6399692,-0.14910303147044032,0.17160670573357492,0.32070973720401524,1.1792742,-0.006308727320720209,0.021048416430858197,0.027357143751578404,6,2.2530189,0.02078688144683838,0.098748117685318,0.07796123623847961,1.0
24,a,The gate to the pasture,singular,is,The gate to the pasture is falling down due to disrepair.,eng_no_syn_stimuli.csv,english,1.43798,-0.08685982206370682,0.1105958733940497,0.1974556954577565,1.2561251,-0.003373599674887373,0.014618149078160059,0.017991748753047432,6,1.8605851,-0.007511835545301437,0.031198348850011826,0.03871018439531326,0.0
24,b,The gate to the pastures,plural,is,The gate to the pastures is falling down due to disrepair.,eng_no_syn_stimuli.csv,english,1.4322374,-0.08095126496627927,0.12409555660560727,0.20504682157188653,1.2455273,-0.011277377290389268,0.01507788740855176,0.026355264698941026,6,1.9305543,-0.023054294288158417,0.03406605124473572,0.057120345532894135,0.0
24,c,The gate to the pasture,singular,are,The gate to the pasture are falling down due to disrepair.,eng_no_syn_stimuli.csv,english,1.4479994,-0.08139016646891832,0.1504332462325692,0.23182341270148754,1.3743008,-0.00872378356725676,0.014549176185391843,0.023272959752648602,6,1.7288429,-0.0036604758352041245,0.02458273433148861,0.028243210166692734,0.0
24,d,The gate to the pastures,plural,are,The gate to the pastures are falling down due to disrepair.,eng_no_syn_stimuli.csv,english,1.4686868,-0.19771219533868134,0.1097010291647166,0.3074132245033979,1.3053538,-0.02211122695443919,0.013540649074275279,0.03565187602871447,6,1.8641596,-0.021455341950058937,0.02557624690234661,0.04703158885240555,0.0
