item,condition,attractor,case,verb,sentence,source_file,language,leftward_entropy,leftward_attn_diff,leftward_attn_to_head,leftward_attn_to_attractor,nsubj_entropy,nsubj_attn_diff,nsubj_attn_to_head,nsubj_attn_to_attractor,top5_layer,top5_entropy,top5_attn_diff,top5_attn_to_head,top5_attn_to_attractor,top5_head_in_top5
1,amb_sg_sg,sg,amb,sg,Der Telephonanruf für die Studentin ist bekannt.,german_stimuli.csv,german,1.6444912,-0.040097530090810095,0.0790761354299832,0.1191736655207933,1.5981652,-0.0986217405256192,0.08015683120299774,0.17877857172861694,9,1.1631169,0.002695370465517044,0.030457207933068275,0.02776183746755123,0.0
1,amb_sg_pl,sg,amb,pl,Der Telephonanruf für die Studentin sind bekannt.,german_stimuli.csv,german,1.6565355,-0.04567745358972388,0.07648406294292727,0.12216151653265114,1.4997562,-0.08987533650980098,0.06965146096735494,0.15952679747715592,9,1.0723715,0.006093582138419151,0.026875251904129982,0.02078166976571083,0.0
1,amb_pl_sg,pl,amb,sg,Der Telephonanruf für die Studentinnen ist bekannt.,german_stimuli.csv,german,1.6759237,-0.04527224195121278,0.07780772636101858,0.12307996831223136,1.6021351,-0.10020656780864479,0.07843480715934752,0.17864137496799232,9,1.1402469,0.008327636867761612,0.031474098563194275,0.023146461695432663,0.0
1,amb_pl_pl,pl,amb,pl,Der Telephonanruf für die Studentinnen sind bekannt.,german_stimuli.csv,german,1.680006,-0.0463734345043008,0.07412724966326323,0.12050068416756403,1.5366718,-0.11248919161731283,0.06696260032480676,0.1794517919421196,9,1.0752647,0.006116591393947601,0.026134461164474487,0.020017869770526886,0.0
1,unamb_sg_sg,sg,unamb,sg,Der Telephonanruf bei der Studentin ist bekannt.,german_stimuli.csv,german,1.5829856,-0.023072412842316224,0.07754180630929568,0.10061421915161191,1.5662992,-0.09131091608306949,0.07988489602120037,0.17119581210426987,9,1.1715859,0.00622556172311306,0.031812772154808044,0.025587210431694984,0.0
1,unamb_sg_pl,sg,unamb,pl,Der Telephonanruf bei der Studentin sind bekannt.,german_stimuli.csv,german,1.6365982,-0.026813981403358868,0.07553076695115805,0.10234474835451693,1.4597012,-0.08527845236101186,0.07014991549215281,0.15542836785316466,9,1.0921247,0.009514730423688889,0.028176967054605484,0.018662236630916595,0.0
1,unamb_pl_sg,pl,unamb,sg,Der Telephonanruf bei den Studentinnen ist bekannt.,german_stimuli.csv,german,1.6179901,-0.029005191524095152,0.07829484162319886,0.10730003314729401,1.5548925,-0.09593342876710786,0.07710680725335287,0.17304023602046073,9,1.175342,0.010123994201421738,0.031230714172124863,0.021106719970703125,0.0
1,unamb_pl_pl,pl,unamb,pl,Der Telephonanruf bei den Studentinnen sind bekannt.,german_stimuli.csv,german,1.6444023,-0.030213126170093575,0.07513683845165246,0.10534996462174603,1.5073006,-0.1046256126857914,0.06881554778445587,0.17344116047024727,9,1.0776299,0.0089081060141325,0.0265788733959198,0.0176707673817873,0.0
2,amb_sg_sg,sg,amb,sg,Der Antrag an das Amt ist bekannt.,german_stimuli.csv,german,1.3426825,-0.08544661106935666,0.03775051192386751,0.12319712299322419,1.4340593,-0.061242772452493356,0.09788397578526552,0.15912674823775888,9,0.9678208,0.015694272704422474,0.025504544377326965,0.009810271672904491,1.0
2,amb_sg_pl,sg,amb,pl,Der Antrag an das Amt sind bekannt.,german_stimuli.csv,german,1.4256207,-0.0820965924837932,0.03805883660832625,0.12015542909211945,1.4033042,-0.06225611311380326,0.07513647829185666,0.1373925914056599,9,0.94230103,0.012989424634724855,0.019106414169073105,0.0061169895343482494,0.0
2,amb_pl_sg,pl,amb,sg,Der Antrag an die Ämter ist bekannt.,german_stimuli.csv,german,1.3092501,-0.08950794886147395,0.0373891611067209,0.12689710996819487,1.428552,-0.056023479997823845,0.09060919685318052,0.14663267685100437,9,0.99957484,0.011200182139873505,0.02705422416329384,0.015854042023420334,1.0
2,amb_pl_pl,pl,amb,pl,Der Antrag an die Ämter sind bekannt.,german_stimuli.csv,german,1.3680861,-0.08236951135020563,0.03600074802836543,0.11837025937857107,1.4024003,-0.09590027152936384,0.06612022549469546,0.1620204970240593,9,0.9140886,0.007189061492681503,0.017870919778943062,0.010681858286261559,0.0
2,unamb_sg_sg,sg,unamb,sg,Der Antrag bei dem Amt ist bekannt.,german_stimuli.csv,german,1.3017402,-0.09679974589795567,0.03806646960095856,0.13486621549891425,1.4015255,-0.05738256070757595,0.0949357282836518,0.15231828899122773,9,1.0833284,0.019364813342690468,0.032153062522411346,0.012788249179720879,1.0
2,unamb_sg_pl,sg,unamb,pl,Der Antrag bei dem Amt sind bekannt.,german_stimuli.csv,german,1.3879411,-0.09054362127310649,0.03716275758895156,0.12770637886205805,1.3820424,-0.06156620124816044,0.07304437293209987,0.1346105741802603,9,0.9973961,0.014673381112515926,0.022516218945384026,0.0078428378328681,0.0
2,unamb_pl_sg,pl,unamb,sg,Der Antrag bei den Ämtern ist bekannt.,german_stimuli.csv,german,1.4343325,-0.09121024389761204,0.04047050515863759,0.13168074905624963,1.4032998,-0.04986856894995506,0.09502361958418552,0.1448921885341406,9,1.1472006,0.025922778993844986,0.04018654301762581,0.014263764023780823,1.0
2,unamb_pl_pl,pl,unamb,pl,Der Antrag bei den Ämtern sind bekannt.,german_stimuli.csv,german,1.4984009,-0.07747239321272445,0.04008221265373777,0.11755460586646223,1.4305512,-0.0998993200004233,0.06630687539129128,0.16620619539171458,9,0.93697274,0.01178808230906725,0.02319549024105072,0.011407407931983471,1.0
3,amb_sg_sg,sg,amb,sg,Der Hinweis auf das Dokument ist bekannt.,german_stimuli.csv,german,1.3860981,-0.06962498412554155,0.033073414482621646,0.10269839860816318,1.3385211,-0.0626854666481258,0.09306496251649246,0.15575042916461826,9,0.90056133,0.0032988600432872772,0.02324797213077545,0.019949112087488174,1.0
3,amb_sg_pl,sg,amb,pl,Der Hinweis auf das Dokument sind bekannt.,german_stimuli.csv,german,1.478054,-0.06493452602368208,0.03502311542710075,0.09995764145078283,1.2879717,-0.0600591883016199,0.07801885856786667,0.13807804686948658,9,0.87306094,0.015537433326244354,0.027287594974040985,0.01175016164779663,1.0
3,amb_pl_sg,pl,amb,sg,Der Hinweis auf die Dokumente ist bekannt.,german_stimuli.csv,german,1.3623741,-0.06755150626986979,0.034542904629592884,0.10209441089946267,1.3297141,-0.04393932399672087,0.09691615747887079,0.14085548147559165,9,0.95295954,0.002632131800055504,0.025336120277643204,0.0227039884775877,1.0
3,amb_pl_pl,pl,amb,pl,Der Hinweis auf die Dokumente sind bekannt.,german_stimuli.csv,german,1.4211919,-0.06475053284843355,0.03293143979231487,0.09768197264074843,1.3186808,-0.0727132756118559,0.08250135762198933,0.15521463323384524,9,0.8858337,-0.0006694942712783813,0.019791286438703537,0.02046078070998192,1.0
3,unamb_sg_sg,sg,unamb,sg,Der Hinweis in dem Dokument ist bekannt.,german_stimuli.csv,german,1.3770349,-0.0636395014358167,0.0369053225024364,0.1005448239382531,1.3742828,-0.06523057836812077,0.09222999569255771,0.15746057406067848,9,0.9609775,0.011574879288673401,0.02508786879479885,0.01351298950612545,1.0
3,unamb_sg_pl,sg,unamb,pl,Der Hinweis in dem Dokument sind bekannt.,german_stimuli.csv,german,1.4713383,-0.05439239605618336,0.03544376705797636,0.08983616311415972,1.293256,-0.05800590966293129,0.07840263695059804,0.13640854661352933,9,0.9293056,0.013048868626356125,0.02144722454249859,0.008398355916142464,1.0
3,unamb_pl_sg,pl,unamb,sg,Der Hinweis in den Dokumenten ist bekannt.,german_stimuli.csv,german,1.3699296,-0.03713473725851596,0.038062835360988215,0.07519757261950417,1.3467472,-0.04995865495550718,0.09551522583094155,0.1454738807864487,9,0.94878465,0.011505499482154846,0.0298093743622303,0.018303874880075455,1.0
3,unamb_pl_pl,pl,unamb,pl,Der Hinweis in den Dokumenten sind bekannt.,german_stimuli.csv,german,1.433783,-0.023312904884398033,0.038443800584144316,0.06175670546854235,1.3092661,-0.05917268646064461,0.07850184888464153,0.13767453534528612,9,0.7858059,0.006564943119883537,0.018742714077234268,0.012177770957350731,1.0
4,amb_sg_sg,sg,amb,sg,Der Computer für die Universität ist bekannt.,german_stimuli.csv,german,1.3498435,-0.08323031550132073,0.030335272498844268,0.113565588000165,1.4898982,-0.1312214549568918,0.03571627569073175,0.16693773064762354,9,1.1490469,0.020597808994352818,0.03317304700613022,0.012575238011777401,1.0
4,amb_sg_pl,sg,amb,pl,Der Computer für die Universität sind bekannt.,german_stimuli.csv,german,1.4172305,-0.08534222640805518,0.026892551837637547,0.11223477824569272,1.3870738,-0.11020438748378303,0.035377379292957534,0.14558176677674056,9,0.96575344,0.010897014290094376,0.01974043995141983,0.008843425661325455,0.0
4,amb_pl_sg,pl,amb,sg,Der Computer für die Universitäten ist bekannt.,german_stimuli.csv,german,1.364375,-0.08467893775884128,0.030157278287546285,0.11483621604638757,1.4569911,-0.11940311059682229,0.03551646949396871,0.154919580090791,9,1.1185032,0.023409524001181126,0.03293098509311676,0.009521461091935635,1.0
4,amb_pl_pl,pl,amb,pl,Der Computer für die Universitäten sind bekannt.,german_stimuli.csv,german,1.396704,-0.08229075648364485,0.026291594986604848,0.10858235147024971,1.3733679,-0.13059662178570017,0.02963878122678414,0.16023540301248432,9,0.9930831,0.017131850123405457,0.025176212191581726,0.00804436206817627,1.0
4,unamb_sg_sg,sg,unamb,sg,Der Computer in der Universität ist bekannt.,german_stimuli.csv,german,1.2810509,-0.08074772480624944,0.027545360849578343,0.10829308565582778,1.4549458,-0.11970046390244331,0.04178718063584004,0.16148764453828335,9,1.173602,0.01829275954514742,0.029131796211004257,0.010839036665856838,0.0
4,unamb_sg_pl,sg,unamb,pl,Der Computer in der Universität sind bekannt.,german_stimuli.csv,german,1.3766985,-0.07381858822135381,0.02583064704850859,0.0996492352698624,1.3655779,-0.09905208336666926,0.04213803776993648,0.14119012113660573,9,1.0278716,0.012570168823003769,0.02085864543914795,0.00828847661614418,0.0
4,unamb_pl_sg,pl,unamb,sg,Der Computer in den Universitäten ist bekannt.,german_stimuli.csv,german,1.3347427,-0.07103303923346456,0.029135412931042916,0.10016845216450747,1.383788,-0.11183328606729977,0.03795112356001862,0.14978440962731837,9,1.114922,0.01969015644863248,0.027217891067266464,0.0075277346186339855,0.0
4,unamb_pl_pl,pl,unamb,pl,Der Computer in den Universitäten sind bekannt.,german_stimuli.csv,german,1.3858745,-0.060631676778020525,0.026660087223909022,0.08729176400192955,1.3231905,-0.11700186890425701,0.03662880353753846,0.15363067244179546,9,1.0000104,0.01739178691059351,0.023861117660999298,0.006469330750405788,1.0
5,amb_sg_sg,sg,amb,sg,Der Hilferuf für die Polizeizentrale ist bekannt.,german_stimuli.csv,german,1.5177402,-0.10645874482414683,0.045427970008870486,0.15188671483301733,1.5665323,-0.08942857565144846,0.077587098593164,0.16701567424461244,9,1.0956173,0.010809041559696198,0.029242709279060364,0.018433667719364166,0.0
5,amb_sg_pl,sg,amb,pl,Der Hilferuf für die Polizeizentrale sind bekannt.,german_stimuli.csv,german,1.5501931,-0.0872615193959291,0.04539688883085091,0.13265840822678002,1.5112097,-0.09315417737738815,0.06811646955980333,0.16127064693719148,9,1.0024626,0.0030646882951259613,0.01916099712252617,0.016096308827400208,0.0
5,amb_pl_sg,pl,amb,sg,Der Hilferuf für die Polizeizentralen ist bekannt.,german_stimuli.csv,german,1.5636747,-0.13543480167394292,0.04143575450758661,0.17687055618152953,1.5866543,-0.09455924466927605,0.0748792636699502,0.16943850833922625,9,1.1063625,0.012036249041557312,0.029241738840937614,0.017205489799380302,0.0
5,amb_pl_pl,pl,amb,pl,Der Hilferuf für die Polizeizentralen sind bekannt.,german_stimuli.csv,german,1.5723369,-0.11248483417221493,0.041561230687506875,0.1540460648597218,1.5522835,-0.11190074732226947,0.06542514475362679,0.17732589207589627,9,1.0068252,-2.448633313179016e-05,0.017992829903960228,0.018017316237092018,0.0
5,unamb_sg_sg,sg,unamb,sg,Der Hilferuf in der Polizeizentrale ist bekannt.,german_stimuli.csv,german,1.4809678,-0.11957829847865468,0.04719427389613884,0.16677257237479354,1.5381637,-0.08429480960278972,0.08156253302783505,0.16585734263062477,9,1.180793,0.013115137815475464,0.03587151691317558,0.02275637909770012,0.0
5,unamb_sg_pl,sg,unamb,pl,Der Hilferuf in der Polizeizentrale sind bekannt.,german_stimuli.csv,german,1.5476002,-0.08550049483683324,0.04963671350042205,0.1351372083372553,1.5050617,-0.088198989783042,0.07309830769468018,0.16129729747772217,9,1.0717485,0.007662385702133179,0.025929808616638184,0.018267422914505005,0.0
5,unamb_pl_sg,pl,unamb,sg,Der Hilferuf in den Polizeizentralen ist bekannt.,german_stimuli.csv,german,1.5554239,-0.14643556750773074,0.04486999840198465,0.19130556590971537,1.5318731,-0.09128699239883034,0.07710962749478015,0.1683966198936105,9,1.1930758,0.010863656178116798,0.035349804908037186,0.024486148729920387,0.0
5,unamb_pl_pl,pl,unamb,pl,Der Hilferuf in den Polizeizentralen sind bekannt.,german_stimuli.csv,german,1.5801953,-0.11354945147529776,0.04696211447819536,0.1605115659534931,1.5293819,-0.1039370632772048,0.06973128644333286,0.17366834972053766,9,1.0545048,0.004329340532422066,0.02429412491619587,0.019964784383773804,0.0
6,amb_sg_sg,sg,amb,sg,Der Brief an die Mutter ist bekannt.,german_stimuli.csv,german,1.2652161,-0.08759419300564655,0.026101118363873365,0.11369531136951991,1.3410078,-0.046577256647601296,0.09063790266778177,0.13721515931538306,9,1.0095367,0.0192284369841218,0.0322641059756279,0.0130356689915061,1.0
6,amb_sg_pl,sg,amb,pl,Der Brief an die Mutter sind bekannt.,german_stimuli.csv,german,1.3606989,-0.0742979936452284,0.02329522673721296,0.09759322038244136,1.2991898,-0.057344341994588335,0.089013827480982,0.14635816947557032,9,0.86996055,0.013549730647355318,0.021175235509872437,0.0076255048625171185,1.0
6,amb_pl_sg,pl,amb,sg,Der Brief an die Mütter ist bekannt.,german_stimuli.csv,german,1.2443287,-0.09713212324804348,0.027438561261412513,0.12457068450945599,1.3842103,-0.04602198654242119,0.08312117171086111,0.12914315825328232,9,1.0284455,0.01987849362194538,0.03309857100248337,0.013220077380537987,1.0
6,amb_pl_pl,pl,amb,pl,Der Brief an die Mütter sind bekannt.,german_stimuli.csv,german,1.314131,-0.10595376167250263,0.02230879702656353,0.12826255869906616,1.3714539,-0.07504606289645044,0.0772083746656278,0.15225443756207824,9,0.89412045,0.014022807590663433,0.022775977849960327,0.008753170259296894,1.0
6,unamb_sg_sg,sg,unamb,sg,Der Brief von der Mutter ist bekannt.,german_stimuli.csv,german,1.290406,-0.08351490617148122,0.025900976538637023,0.10941588271011823,1.3805549,-0.051780535523040336,0.08422619919506262,0.13600673471810296,9,0.9801407,0.014378038235008717,0.02469266764819622,0.010314629413187504,0.0
6,unamb_sg_pl,sg,unamb,pl,Der Brief von der Mutter sind bekannt.,german_stimuli.csv,german,1.3861427,-0.0610958976081995,0.021773323929458223,0.08286922153765772,1.3306432,-0.059876488050967326,0.08161752411903826,0.1414940121700056,9,0.83564746,0.010471556801348925,0.015962358564138412,0.005490801762789488,0.0
6,unamb_pl_sg,pl,unamb,sg,Der Brief von den Müttern ist bekannt.,german_stimuli.csv,german,1.396053,-0.10832720668036018,0.029900320323986308,0.13822752700434648,1.4527234,-0.046285440644184474,0.08550309868349659,0.13178853932768106,9,0.9699521,0.011255414225161076,0.02152334712445736,0.010267932899296284,0.0
6,unamb_pl_pl,pl,unamb,pl,Der Brief von den Müttern sind bekannt.,german_stimuli.csv,german,1.4792202,-0.10455500542420851,0.025202467025064835,0.12975747244927333,1.4268671,-0.06582843582598877,0.07904703304649878,0.14487546887248753,9,0.84189665,0.005592899397015572,0.013036461547017097,0.007443562150001526,0.0
7,amb_sg_sg,sg,amb,sg,Der Einbruch in die Bank ist bekannt.,german_stimuli.csv,german,1.3549526,-0.045899587452394454,0.033094865315543676,0.07899445276793812,1.3619049,-0.056734988279564615,0.06960622561171806,0.12634121389128267,9,1.0967214,0.012433817610144615,0.02964574471116066,0.017211927101016045,1.0
7,amb_sg_pl,sg,amb,pl,Der Einbruch in die Bank sind bekannt.,german_stimuli.csv,german,1.4556849,-0.04537057006470494,0.03489200468323471,0.08026257474793966,1.3268214,-0.060510350134716694,0.06362057465638095,0.12413092479109764,9,1.0480769,0.004048769362270832,0.015826094895601273,0.01177732553333044,0.0
7,amb_pl_sg,pl,amb,sg,Der Einbruch in die Banken ist bekannt.,german_stimuli.csv,german,1.3510395,-0.06491503863034685,0.03158620273548459,0.09650124136583145,1.3508097,-0.06241928474042109,0.06525353649635324,0.12767282123677431,9,1.1803566,0.012680009007453918,0.032916110008955,0.020236101001501083,0.0
7,amb_pl_pl,pl,amb,pl,Der Einbruch in die Banken sind bekannt.,german_stimuli.csv,german,1.422066,-0.06463072296858094,0.032304785173142454,0.0969355081417234,1.358182,-0.08817618107388354,0.05716219963540696,0.1453383807092905,9,1.0625194,0.004888836294412613,0.019146200269460678,0.014257363975048065,0.0
7,unamb_sg_sg,sg,unamb,sg,Der Einbruch bei der Bank ist bekannt.,german_stimuli.csv,german,1.3472064,-0.04245774975458672,0.033859219589877095,0.07631696934446382,1.3698988,-0.05344849810929977,0.06904746247461058,0.12249596058391035,9,1.1456732,0.014702454209327698,0.029070524498820305,0.014368070289492607,0.0
7,unamb_sg_pl,sg,unamb,pl,Der Einbruch bei der Bank sind bekannt.,german_stimuli.csv,german,1.4599869,-0.03399042108144103,0.033926594452080384,0.0679170155335214,1.3300998,-0.06292638413124392,0.05869641713816067,0.12162280126940458,9,1.071868,0.007170035503804684,0.015726475045084953,0.00855643954128027,0.0
7,unamb_pl_sg,pl,unamb,sg,Der Einbruch bei den Banken ist bekannt.,german_stimuli.csv,german,1.3374739,-0.05671819622501404,0.03378114892443931,0.09049934514945335,1.3386242,-0.060533650522093654,0.06469656894917471,0.12523021947126836,9,1.1795841,0.021863866597414017,0.03520078957080841,0.013336922973394394,1.0
7,unamb_pl_pl,pl,unamb,pl,Der Einbruch bei den Banken sind bekannt.,german_stimuli.csv,german,1.43204,-0.052356719937041586,0.033649293753875334,0.08600601369091691,1.3524889,-0.08701778403470802,0.05469611561869694,0.14171389965340495,9,1.1009876,0.011943312361836433,0.02154439687728882,0.009601084515452385,0.0
8,amb_sg_sg,sg,amb,sg,Der Ratschlag für die Hausfrau ist bekannt.,german_stimuli.csv,german,1.5710938,-0.07180757004158451,0.07067018270930774,0.14247775275089225,1.5269873,-0.1149254873151512,0.06366078218085755,0.17858626949600875,9,1.0598664,0.011483892798423767,0.028237272053956985,0.01675337925553322,0.0
8,amb_sg_pl,sg,amb,pl,Der Ratschlag für die Hausfrau sind bekannt.,german_stimuli.csv,german,1.584697,-0.0801699920893384,0.062390668984937746,0.14256066107427615,1.4538733,-0.11833972330763975,0.04685777322761675,0.1651974965352565,9,0.8859586,0.012326164171099663,0.021608268842101097,0.009282104671001434,0.0
8,amb_pl_sg,pl,amb,sg,Der Ratschlag für die Hausfrauen ist bekannt.,german_stimuli.csv,german,1.6265682,-0.06261469102176562,0.07691445480601686,0.13952914582778247,1.5660324,-0.10039825310544148,0.06647072079046593,0.1668689738959074,9,1.0829191,0.011273413896560669,0.02980506420135498,0.01853165030479431,0.0
8,amb_pl_pl,pl,amb,pl,Der Ratschlag für die Hausfrauen sind bekannt.,german_stimuli.csv,german,1.6436689,-0.07318909907087204,0.06716265986854211,0.14035175893941415,1.5205865,-0.13477780045214843,0.048299557816052906,0.18307735826820135,9,0.9871865,0.00941344816237688,0.022953327745199203,0.013539879582822323,0.0
8,unamb_sg_sg,sg,unamb,sg,Der Ratschlag von der Hausfrau ist bekannt.,german_stimuli.csv,german,1.536866,-0.07286244979913334,0.07055378225687292,0.14341623205600626,1.5116739,-0.11904816945246983,0.05970952874118831,0.17875769819365814,9,1.0909609,0.011402055621147156,0.02805476263165474,0.016652707010507584,0.0
8,unamb_sg_pl,sg,unamb,pl,Der Ratschlag von der Hausfrau sind bekannt.,german_stimuli.csv,german,1.6025546,-0.06868190868547117,0.06459170135719887,0.13327361004267005,1.4773614,-0.11907950678576071,0.04832211514733444,0.16740162193309516,9,0.9635133,0.015926960855722427,0.023945743218064308,0.00801878236234188,0.0
8,unamb_pl_sg,pl,unamb,sg,Der Ratschlag von den Hausfrauen ist bekannt.,german_stimuli.csv,german,1.6198952,-0.05974268290425684,0.07960949135143451,0.13935217425569135,1.5477322,-0.10361751437162126,0.06241606541003024,0.1660335797816515,9,1.15168,0.00961088202893734,0.028054768219590187,0.018443886190652847,0.0
8,unamb_pl_pl,pl,unamb,pl,Der Ratschlag von den Hausfrauen sind bekannt.,german_stimuli.csv,german,1.6503127,-0.0640743643694293,0.07054732951742722,0.13462169388685652,1.5717772,-0.13835774216869617,0.04726895341580963,0.18562669558450579,9,1.0597479,0.01188250258564949,0.02355344220995903,0.01167093962430954,0.0
9,amb_sg_sg,sg,amb,sg,Der Angriff auf die Industriestadt ist bekannt.,german_stimuli.csv,german,1.4938427,-0.08864639398314296,0.03431500269259402,0.12296139667573698,1.4227613,-0.08678503719918987,0.06819961654193143,0.1549846537411213,9,1.1522859,0.010045284405350685,0.03016342781484127,0.020118143409490585,1.0
9,amb_sg_pl,sg,amb,pl,Der Angriff auf die Industriestadt sind bekannt.,german_stimuli.csv,german,1.5469968,-0.08408076029741096,0.036622906696493374,0.12070366699390433,1.3138487,-0.08997191502976223,0.04911455430292533,0.13908646933268756,9,1.1258703,-0.0010592695325613022,0.01562800630927086,0.01668727584183216,0.0
9,amb_pl_sg,pl,amb,sg,Der Angriff auf die Industriestädte ist bekannt.,german_stimuli.csv,german,1.4886725,-0.08100930140374488,0.03221700762685202,0.1132263090305969,1.3885996,-0.08512066066410728,0.06239994215633384,0.14752060282044113,9,1.1253883,0.013103535398840904,0.028685463592410088,0.015581928193569183,1.0
9,amb_pl_pl,pl,amb,pl,Der Angriff auf die Industriestädte sind bekannt.,german_stimuli.csv,german,1.5285517,-0.08094993801220766,0.03371518408715133,0.114665122099359,1.3232105,-0.10933913634797968,0.04582964419679307,0.15516878054477273,9,1.0798719,0.001072736456990242,0.01644894666969776,0.01537621021270752,0.0
9,unamb_sg_sg,sg,unamb,sg,Der Angriff bei der Industriestadt ist bekannt.,german_stimuli.csv,german,1.4904233,-0.08765595762812098,0.035837607388467065,0.12349356501658804,1.4966625,-0.08357273514841501,0.0698500113329589,0.1534227464813739,9,1.1911422,0.01689767651259899,0.03470427542924881,0.01780659891664982,1.0
9,unamb_sg_pl,sg,unamb,pl,Der Angriff bei der Industriestadt sind bekannt.,german_stimuli.csv,german,1.5377448,-0.07123541452202745,0.03717191021786448,0.10840732473989192,1.3401203,-0.09115506977642349,0.04727894166616329,0.13843401144258677,9,1.0343984,0.00044201407581567764,0.013996577821671963,0.013554563745856285,0.0
9,unamb_pl_sg,pl,unamb,sg,Der Angriff bei den Industriestädten ist bekannt.,german_stimuli.csv,german,1.4912481,-0.08222968545032358,0.03643986163206705,0.11866954708239064,1.4459445,-0.10073026929380582,0.061815846307629485,0.1625461156014353,9,1.2204593,0.019937552511692047,0.03620115667581558,0.016263604164123535,1.0
9,unamb_pl_pl,pl,unamb,pl,Der Angriff bei den Industriestädten sind bekannt.,german_stimuli.csv,german,1.5352366,-0.07238958398229442,0.037436760301716276,0.1098263442840107,1.3539774,-0.12265703695357036,0.04144459621984322,0.16410163317341359,9,1.0950863,0.0032241689041256905,0.017653528600931168,0.014429359696805477,0.0
10,amb_sg_sg,sg,amb,sg,Der Bericht über das Fussballspiel ist bekannt.,german_stimuli.csv,german,1.454897,-0.05645773412966264,0.046837290187568215,0.10329502431723085,1.4776795,-0.07506836999746327,0.0988772968055838,0.17394566680304707,9,1.0902959,0.021822676062583923,0.04254819080233574,0.020725514739751816,1.0
10,amb_sg_pl,sg,amb,pl,Der Bericht über das Fussballspiel sind bekannt.,german_stimuli.csv,german,1.5062577,-0.06678151141425133,0.044625166556556906,0.11140667797080823,1.401438,-0.10063469656935589,0.06163299178977801,0.1622676883591339,9,1.0529314,0.010837981477379799,0.03084908239543438,0.02001110091805458,1.0
10,amb_pl_sg,pl,amb,sg,Der Bericht über die Fussballspiele ist bekannt.,german_stimuli.csv,german,1.4285746,-0.05214405306956564,0.04785658130280694,0.10000063437237258,1.4914069,-0.06928189268134168,0.09776670637742052,0.16704859905876218,9,1.0360137,0.02014758251607418,0.03839213401079178,0.018244551494717598,1.0
10,amb_pl_pl,pl,amb,pl,Der Bericht über die Fussballspiele sind bekannt.,german_stimuli.csv,german,1.4557375,-0.06528027236647631,0.043650458913339206,0.10893073127981552,1.4358127,-0.12702116752630835,0.05737594598316784,0.18439711350947618,9,0.96387815,0.008715856820344925,0.027536626905202866,0.01882077008485794,1.0
10,unamb_sg_sg,sg,unamb,sg,Der Bericht nach dem Fussballspiel ist bekannt.,german_stimuli.csv,german,1.4719242,-0.05530435054633927,0.04782818399426105,0.10313253454060031,1.4671685,-0.08440069652508951,0.09108610327009105,0.17548679979518056,9,1.1168752,0.026828257367014885,0.04292546212673187,0.016097204759716988,1.0
10,unamb_sg_pl,sg,unamb,pl,Der Bericht nach dem Fussballspiel sind bekannt.,german_stimuli.csv,german,1.5198357,-0.06236961460537031,0.04411295860435303,0.10648257320972335,1.3950291,-0.1110112622128749,0.05550182660995556,0.16651308882283047,9,1.1191416,0.009875461459159851,0.02683819830417633,0.01696273684501648,1.0
10,unamb_pl_sg,pl,unamb,sg,Der Bericht nach den Fussballspielen ist bekannt.,german_stimuli.csv,german,1.4558914,-0.04802472494518213,0.04866238795750917,0.0966871129026913,1.4634292,-0.07801180187559234,0.0894146683724363,0.16742647024802865,9,1.0580615,0.0236529354006052,0.040766641497612,0.017113706097006798,1.0
10,unamb_pl_pl,pl,unamb,pl,Der Bericht nach den Fussballspielen sind bekannt.,german_stimuli.csv,german,1.487238,-0.054725376585929554,0.04386961729901486,0.09859499388494442,1.4039854,-0.12713064913502226,0.04805990025536826,0.17519054939039053,9,1.0182831,0.0061305221170187,0.02643384039402008,0.02030331827700138,1.0
11,amb_sg_sg,sg,amb,sg,Der Aufstand gegen das Nachbarland ist bekannt.,german_stimuli.csv,german,1.3753926,-0.10750192426492759,0.03559998303609717,0.14310190730102476,1.3974855,-0.08379079829989475,0.07729859612794118,0.16108939442783593,9,1.1493669,0.01218927837908268,0.03392908722162247,0.021739808842539787,1.0
11,amb_sg_pl,sg,amb,pl,Der Aufstand gegen das Nachbarland sind bekannt.,german_stimuli.csv,german,1.49318,-0.08173624777274427,0.03983592114008161,0.12157216891282588,1.3397027,-0.0909145158397692,0.06318008907523875,0.15409460491500795,9,1.1074655,0.003995928913354874,0.021993640810251236,0.017997711896896362,0.0
11,amb_pl_sg,pl,amb,sg,Der Aufstand gegen die Nachbarländer ist bekannt.,german_stimuli.csv,german,1.3696717,-0.088414514006341,0.03570164429699076,0.12411615830333175,1.4041091,-0.08950705024951233,0.07058980623653995,0.16009685648605226,9,1.076151,0.01053321361541748,0.02990202233195305,0.019368808716535568,1.0
11,amb_pl_pl,pl,amb,pl,Der Aufstand gegen die Nachbarländer sind bekannt.,german_stimuli.csv,german,1.4565835,-0.0637174354724209,0.03996448931503096,0.10368192478745186,1.3843029,-0.11538223077677792,0.056828101415702645,0.17221033219248055,9,1.0194417,0.003331245854496956,0.01996581442654133,0.016634568572044373,0.0
11,unamb_sg_sg,sg,unamb,sg,Der Aufstand in dem Nachbarland ist bekannt.,german_stimuli.csv,german,1.3996603,-0.10823007108708112,0.037677220479901054,0.14590729156698218,1.3917238,-0.07976146288917434,0.08161010570122826,0.1613715685904026,9,1.1089648,0.01562703773379326,0.03350356966257095,0.017876531928777695,1.0
11,unamb_sg_pl,sg,unamb,pl,Der Aufstand in dem Nachbarland sind bekannt.,german_stimuli.csv,german,1.4956814,-0.07637013027460852,0.04005265879486615,0.11642278906947467,1.3245925,-0.0911597222232011,0.06193787361004084,0.15309759583324195,9,1.0288489,0.00750761479139328,0.020609315484762192,0.013101700693368912,0.0
11,unamb_pl_sg,pl,unamb,sg,Der Aufstand in den Nachbarländern ist bekannt.,german_stimuli.csv,german,1.410452,-0.10983841908895045,0.03918764706701552,0.14902606615596597,1.4066668,-0.10463478825219852,0.07137668897233027,0.17601147722452878,9,1.0351691,0.01034252904355526,0.027076900005340576,0.016734370961785316,1.0
11,unamb_pl_pl,pl,unamb,pl,Der Aufstand in den Nachbarländern sind bekannt.,german_stimuli.csv,german,1.4912202,-0.07398955688965998,0.04426730825928189,0.11825686514894188,1.3664632,-0.13021585362071803,0.05499648900662848,0.1852123426273465,9,1.0056401,0.004448266699910164,0.018502555787563324,0.01405428908765316,0.0
12,amb_sg_sg,sg,amb,sg,Der Aufsatz für das Wochenblatt ist bekannt.,german_stimuli.csv,german,1.4712169,-0.102595624870537,0.03867183894735717,0.14126746381789418,1.595875,-0.10959834199041951,0.0654818682594515,0.17508021024987103,9,1.0065806,0.015433166176080704,0.02512212097644806,0.009688954800367355,0.0
12,amb_sg_pl,sg,amb,pl,Der Aufsatz für das Wochenblatt sind bekannt.,german_stimuli.csv,german,1.538805,-0.07357480357977693,0.037851778959429795,0.11142658253920672,1.479812,-0.12920914563539715,0.04215450318340865,0.1713636488188058,9,0.8241035,0.009394391905516386,0.016403386369347572,0.007008994463831186,0.0
12,amb_pl_sg,pl,amb,sg,Der Aufsatz für die Wochenblätter ist bekannt.,german_stimuli.csv,german,1.4738903,-0.09578262071077007,0.04098628540637037,0.13676890611714043,1.5696268,-0.09824589097261147,0.06760891617887003,0.16585480715148151,9,1.0253098,0.015667257830500603,0.025206677615642548,0.009539419785141945,0.0
12,amb_pl_pl,pl,amb,pl,Der Aufsatz für die Wochenblätter sind bekannt.,german_stimuli.csv,german,1.5165526,-0.07859209337439096,0.039396333074546416,0.1179884264489374,1.512549,-0.14804424153196596,0.041691087898584375,0.18973532943055033,9,0.883284,0.006723794154822826,0.01658259704709053,0.009858802892267704,0.0
12,unamb_sg_sg,sg,unamb,sg,Der Aufsatz in dem Wochenblatt ist bekannt.,german_stimuli.csv,german,1.4297763,-0.09969301183933794,0.03747230596185318,0.13716531780119112,1.5676664,-0.10650112869693551,0.06266278360494759,0.1691639123018831,9,1.1203518,0.015602488070726395,0.027734464034438133,0.012131975963711739,0.0
12,unamb_sg_pl,sg,unamb,pl,Der Aufsatz in dem Wochenblatt sind bekannt.,german_stimuli.csv,german,1.5223202,-0.06324692444245557,0.03873876780749015,0.10198569224994572,1.4843752,-0.12822200597865036,0.04070759483011912,0.16892960080876945,9,0.88657016,0.009703317657113075,0.017050720751285553,0.007347403094172478,0.0
12,unamb_pl_sg,pl,unamb,sg,Der Aufsatz in den Wochenblättern ist bekannt.,german_stimuli.csv,german,1.439803,-0.10404134676668945,0.04444953410416019,0.14849088087084966,1.5081363,-0.09329425124582862,0.06455082478801692,0.15784507603384554,9,1.1496593,0.021003494039177895,0.033218979835510254,0.01221548579633236,0.0
12,unamb_pl_pl,pl,unamb,pl,Der Aufsatz in den Wochenblättern sind bekannt.,german_stimuli.csv,german,1.4887043,-0.0728706375924503,0.043253109244733426,0.11612374683718371,1.4757608,-0.13030222654013954,0.040672160502084866,0.1709743870422244,9,0.8744781,0.00885290652513504,0.017950372770428658,0.009097466245293617,0.0
13,amb_sg_sg,sg,amb,sg,Der Bericht über die Ärztin ist bekannt.,german_stimuli.csv,german,1.4637169,-0.06771600971712247,0.04552602333845357,0.11324203305557604,1.4362948,-0.06833057112048299,0.0944701543358442,0.1628007254563272,9,1.0217537,0.015404470264911652,0.0361686609685421,0.020764190703630447,1.0
13,amb_sg_pl,sg,amb,pl,Der Bericht über die Ärztin sind bekannt.,german_stimuli.csv,german,1.5166489,-0.07677249871114782,0.044846203590418555,0.12161870230156638,1.368233,-0.09436727652185116,0.06053208762920942,0.1548993641510606,9,0.8954435,0.014100488275289536,0.025654729455709457,0.011554241180419922,1.0
13,amb_pl_sg,pl,amb,sg,Der Bericht über die Ärztinnen ist bekannt.,german_stimuli.csv,german,1.4635818,-0.07432918545117673,0.045430766065248915,0.11975995151642564,1.4510629,-0.06929818326769867,0.09390465423767916,0.16320283750537784,9,1.0484866,0.021223533898591995,0.041561808437108994,0.020338274538517,1.0
13,amb_pl_pl,pl,amb,pl,Der Bericht über die Ärztinnen sind bekannt.,german_stimuli.csv,german,1.496107,-0.0808134523138051,0.04394689404530254,0.12476034635910764,1.4395111,-0.12314741797609616,0.05762639455632875,0.18077381253242492,9,0.9488367,0.017032362520694733,0.03289659693837166,0.015864234417676926,1.0
13,unamb_sg_sg,sg,unamb,sg,Der Bericht von der Ärztin ist bekannt.,german_stimuli.csv,german,1.496314,-0.06125375589047906,0.04847658243167245,0.10973033832215151,1.4865143,-0.07938524842454642,0.08339771242619902,0.16278296085074545,9,1.0428765,0.013803208246827126,0.03505045175552368,0.021247243508696556,1.0
13,unamb_sg_pl,sg,unamb,pl,Der Bericht von der Ärztin sind bekannt.,german_stimuli.csv,german,1.5511177,-0.06179805390919455,0.04816378808328636,0.10996184199248091,1.4327515,-0.10257785470394645,0.05393333387391415,0.1565111885778606,9,0.9530205,0.016493547707796097,0.02888607606291771,0.012392528355121613,1.0
13,unamb_pl_sg,pl,unamb,sg,Der Bericht von den Ärztinnen ist bekannt.,german_stimuli.csv,german,1.4965223,-0.07043763475672335,0.0485223959305074,0.11896003068723075,1.4804242,-0.07893918119635215,0.08244861480515668,0.16138779600150882,9,1.1178426,0.01974761113524437,0.03956993669271469,0.01982232555747032,1.0
13,unamb_pl_pl,pl,unamb,pl,Der Bericht von den Ärztinnen sind bekannt.,german_stimuli.csv,german,1.5346524,-0.06835405872712955,0.04780270351969875,0.11615676224682829,1.5108708,-0.13425033399050632,0.049048137486376375,0.1832984714768827,9,1.028422,0.018144499510526657,0.03383761644363403,0.015693116933107376,1.0
14,amb_sg_sg,sg,amb,sg,Der Verweis auf die Akte ist bekannt.,german_stimuli.csv,german,1.3346221,-0.05702111175633688,0.039022140499041895,0.09604325225537877,1.3634483,-0.026145800925172845,0.11917909693407269,0.14532489785924554,9,1.0002772,0.0028911754488945007,0.02564277872443199,0.02275160327553749,1.0
14,amb_sg_pl,sg,amb,pl,Der Verweis auf die Akte sind bekannt.,german_stimuli.csv,german,1.4154168,-0.05006861070073303,0.04539787899255241,0.09546648969328544,1.3114796,-0.032766679466365224,0.10316883411571538,0.1359355135820806,9,0.92963094,0.005958474241197109,0.019850431010127068,0.013891956768929958,0.0
14,amb_pl_sg,pl,amb,sg,Der Verweis auf die Akten ist bekannt.,german_stimuli.csv,german,1.2599623,-0.08744219941755796,0.036078235439526686,0.12352043485708464,1.3468635,-0.02613502698484944,0.11956459191162003,0.14569961889646948,9,1.0018295,-0.006961137056350708,0.025585316121578217,0.032546453177928925,1.0
14,amb_pl_pl,pl,amb,pl,Der Verweis auf die Akten sind bekannt.,german_stimuli.csv,german,1.3423898,-0.08481726548957891,0.040044997564513275,0.12486226305409218,1.3139036,-0.04461782676121395,0.10155070741707284,0.1461685341782868,9,0.88871783,-0.0018745195120573044,0.020815232768654823,0.022689752280712128,1.0
14,unamb_sg_sg,sg,unamb,sg,Der Verweis in der Akte ist bekannt.,german_stimuli.csv,german,1.3126909,-0.05952384010423337,0.039591110446045616,0.099114950550279,1.3874215,-0.03764148433294463,0.11056241761360001,0.14820390194654465,9,1.052407,0.010282611474394798,0.02989603951573372,0.01961342804133892,1.0
14,unamb_sg_pl,sg,unamb,pl,Der Verweis in der Akte sind bekannt.,german_stimuli.csv,german,1.4149777,-0.04322356487576712,0.040172543725260544,0.08339610860102767,1.3092735,-0.03647346334786798,0.09852996090172146,0.13500342424958944,9,0.9377162,0.005518598482012749,0.015678120777010918,0.010159522294998169,0.0
14,unamb_pl_sg,pl,unamb,sg,Der Verweis in den Akten ist bekannt.,german_stimuli.csv,german,1.2248738,-0.09151612898442137,0.03793937735684312,0.1294555063412645,1.3655165,-0.04518584403782531,0.10903031854317144,0.15421616258099674,9,0.91242325,-0.0013320371508598328,0.0262129083275795,0.02754494547843933,1.0
14,unamb_pl_pl,pl,unamb,pl,Der Verweis in den Akten sind bekannt.,german_stimuli.csv,german,1.3366336,-0.08404218368905716,0.03811076141009394,0.12215294509915112,1.3143573,-0.05319342510270085,0.09501404874531422,0.14820747384801508,9,0.7975118,0.0009038113057613373,0.017833132296800613,0.016929320991039276,1.0
15,amb_sg_sg,sg,amb,sg,Der Kredit für die Grossbank ist bekannt.,german_stimuli.csv,german,1.4975419,-0.09470308904823241,0.022527251425310625,0.11723034047354304,1.5741208,-0.12179308410582312,0.044976960328992524,0.16677004443481563,9,1.0766251,0.013017736375331879,0.03259113058447838,0.0195733942091465,1.0
15,amb_sg_pl,sg,amb,pl,Der Kredit für die Grossbank sind bekannt.,german_stimuli.csv,german,1.5439597,-0.07860508899645993,0.02635387629381967,0.1049589652902796,1.4754941,-0.1417727700919349,0.027724898837463152,0.16949766892939805,9,1.0168809,0.0026861540973186493,0.021149631589651108,0.01846347749233246,1.0
15,amb_pl_sg,pl,amb,sg,Der Kredit für die Grossbanken ist bekannt.,german_stimuli.csv,german,1.5000219,-0.10068878897558306,0.02243223173069282,0.12312102070627588,1.5550091,-0.12648302021825514,0.042740823296664156,0.1692238435149193,9,1.0634936,0.01023942418396473,0.032230716198682785,0.021991292014718056,1.0
15,amb_pl_pl,pl,amb,pl,Der Kredit für die Grossbanken sind bekannt.,german_stimuli.csv,german,1.5225737,-0.08454930216500997,0.02499320986028124,0.10954251202529122,1.502426,-0.1702924181716937,0.025538698676000227,0.19583111684769391,9,1.0257615,0.00024653971195220947,0.02368370071053505,0.02343716099858284,1.0
15,unamb_sg_sg,sg,unamb,sg,Der Kredit von der Grossbank ist bekannt.,german_stimuli.csv,german,1.471331,-0.0881008284412701,0.024716716885927782,0.11281754532719787,1.551755,-0.12061826603129248,0.0438416011853542,0.16445986721664668,9,1.1240097,0.020483525469899178,0.037396278232336044,0.016912752762436867,1.0
15,unamb_sg_pl,sg,unamb,pl,Der Kredit von der Grossbank sind bekannt.,german_stimuli.csv,german,1.5302932,-0.0645980313839118,0.02882860633430937,0.09342663771822117,1.4724056,-0.14033692194994413,0.030120510841646565,0.1704574327915907,9,1.0119499,0.006173999980092049,0.022501109167933464,0.016327109187841415,1.0
15,unamb_pl_sg,pl,unamb,sg,Der Kredit von den Grossbanken ist bekannt.,german_stimuli.csv,german,1.4889416,-0.10125834358942143,0.025359028425458518,0.12661737201487994,1.5109441,-0.12886623500548827,0.038558680492634285,0.16742491549812258,9,1.16033,0.018279284238815308,0.03896038234233856,0.020681098103523254,1.0
15,unamb_pl_pl,pl,unamb,pl,Der Kredit von den Grossbanken sind bekannt.,german_stimuli.csv,german,1.5188239,-0.07863012149011865,0.02796961018627826,0.10659973167639691,1.5102961,-0.1724969874601217,0.025375588657393856,0.19787257611751558,9,1.1101402,0.012821592390537262,0.03490818291902542,0.02208659052848816,1.0
16,amb_sg_sg,sg,amb,sg,Das Gespräch über das Mädchen ist bekannt.,german_stimuli.csv,german,1.3633212,-0.054129668480533945,0.057226137403761534,0.11135580588429547,1.3521068,-0.02784503959118343,0.10832110391930723,0.13616614351049067,9,1.0080405,0.010516347363591194,0.028294486925005913,0.01777813956141472,1.0
16,amb_sg_pl,sg,amb,pl,Das Gespräch über das Mädchen sind bekannt.,german_stimuli.csv,german,1.4225878,-0.07374720699990478,0.04815305407046351,0.12190026107036829,1.3376248,-0.05000113071872231,0.08733326140792731,0.1373343921266496,9,0.9490673,0.009903076104819775,0.019348621368408203,0.009445545263588428,0.0
16,amb_pl_sg,pl,amb,sg,Das Gespräch über die Mädchen ist bekannt.,german_stimuli.csv,german,1.3369751,-0.06506177420658502,0.05920506399918225,0.12426683820576727,1.3651069,-0.034055967535813324,0.10114896120504571,0.13520492874085904,9,1.0144275,0.009982559829950333,0.028500527143478394,0.01851796731352806,1.0
16,amb_pl_pl,pl,amb,pl,Das Gespräch über die Mädchen sind bekannt.,german_stimuli.csv,german,1.3816757,-0.0815884308740122,0.050227010195180985,0.13181544106919318,1.3688682,-0.06375978514547899,0.08305179039020584,0.14681157553568483,9,0.9668727,0.007134215906262398,0.02095406875014305,0.013819852843880653,0.0
16,unamb_sg_sg,sg,unamb,sg,Das Gespräch mit dem Mädchen ist bekannt.,german_stimuli.csv,german,1.3550264,-0.06483918729562896,0.051892479693388005,0.11673166698901696,1.3157008,-0.04781387806869519,0.08521811841056275,0.13303199647925795,9,0.98987585,0.012118366546928883,0.026861824095249176,0.014743457548320293,0.0
16,unamb_sg_pl,sg,unamb,pl,Das Gespräch mit dem Mädchen sind bekannt.,german_stimuli.csv,german,1.4447548,-0.07466820227779784,0.04388704747364578,0.11855524975144363,1.3360727,-0.06425637614446367,0.06982736508363252,0.1340837412280962,9,0.9831911,0.011960219591856003,0.018827710300683975,0.006867490708827972,0.0
16,unamb_pl_sg,pl,unamb,sg,Das Gespräch mit den Mädchen ist bekannt.,german_stimuli.csv,german,1.3613628,-0.0672387548403065,0.051962080134401914,0.11920083497470842,1.3089348,-0.052747722552155096,0.07892085011117445,0.13166857266332954,9,1.0264316,0.010155923664569855,0.027072899043560028,0.016916975378990173,0.0
16,unamb_pl_pl,pl,unamb,pl,Das Gespräch mit den Mädchen sind bekannt.,german_stimuli.csv,german,1.4208397,-0.07715103318795506,0.043813868153403136,0.1209649013413582,1.3604538,-0.07443803893401443,0.06689231246710599,0.14133035140112044,9,0.9960077,0.007385000586509705,0.019969111308455467,0.012584110721945763,0.0
17,amb_sg_sg,sg,amb,sg,Das Buch über die Bibliothek ist bekannt.,german_stimuli.csv,german,1.3491259,-0.05951151095969953,0.03515449638024757,0.0946660073399471,1.4365933,-0.1057862180513764,0.05240744173103327,0.15819365978240968,9,1.0234728,0.01188410073518753,0.029874734580516815,0.017990633845329285,1.0
17,amb_sg_pl,sg,amb,pl,Das Buch über die Bibliothek sind bekannt.,german_stimuli.csv,german,1.4047544,-0.06747361006984764,0.03376479561573316,0.1012384056855808,1.3681986,-0.10933085728616876,0.03691910577757793,0.14624996306374669,9,0.88118815,0.010751388035714626,0.023716619238257408,0.012965231202542782,1.0
17,amb_pl_sg,pl,amb,sg,Das Buch über die Bibliotheken ist bekannt.,german_stimuli.csv,german,1.3400505,-0.05192877622259873,0.0370478804052935,0.08897665662789223,1.4348052,-0.08926568268437061,0.05875546611275401,0.14802114879712464,9,0.97740656,0.022411789745092392,0.032094474881887436,0.009682685136795044,1.0
17,amb_pl_pl,pl,amb,pl,Das Buch über die Bibliotheken sind bekannt.,german_stimuli.csv,german,1.3957272,-0.04514556746337419,0.03537692009729128,0.08052248756066546,1.3699702,-0.12441624505259812,0.032487562859423745,0.15690380791202188,9,0.9016935,0.01585070975124836,0.027193984016776085,0.011343274265527725,1.0
17,unamb_sg_sg,sg,unamb,sg,Das Buch in der Bibliothek ist bekannt.,german_stimuli.csv,german,1.3298428,-0.06179481170829726,0.034921507332272686,0.09671631904056995,1.4232309,-0.11260935326509625,0.04566188298694342,0.15827123625203968,9,1.1009963,0.009004700928926468,0.02474694326519966,0.015742242336273193,0.0
17,unamb_sg_pl,sg,unamb,pl,Das Buch in der Bibliothek sind bekannt.,german_stimuli.csv,german,1.3890625,-0.05743679835286235,0.03142245962372039,0.08885925797658274,1.3390534,-0.11794074643163621,0.02836944349349798,0.14631018992513417,9,0.94108635,0.005486886948347092,0.01714571937918663,0.011658832430839539,0.0
17,unamb_pl_sg,pl,unamb,sg,Das Buch in den Bibliotheken ist bekannt.,german_stimuli.csv,german,1.3420599,-0.042719063130227664,0.036662393486783615,0.07938145661701128,1.3958286,-0.10381182785437595,0.0451091717061292,0.14892099956050514,9,1.0457282,0.01802326086908579,0.02863357588648796,0.010610315017402172,1.0
17,unamb_pl_pl,pl,unamb,pl,Das Buch in den Bibliotheken sind bekannt.,german_stimuli.csv,german,1.3861669,-0.028304426864986354,0.03356629483715743,0.061870721702143784,1.3308985,-0.13177466818433187,0.024264628465064546,0.15603929664939642,9,0.9297299,0.012551807798445225,0.022008834406733513,0.009457026608288288,1.0
18,amb_sg_sg,sg,amb,sg,Das Bild für die Frau ist bekannt.,german_stimuli.csv,german,1.3660506,-0.016832621547109294,0.09556393229131617,0.11239655383842546,1.4702976,-0.08673216262802962,0.05724521316617247,0.14397737579420208,9,1.0177898,0.00920738186687231,0.022672927007079124,0.013465545140206814,0.0
18,amb_sg_pl,sg,amb,pl,Das Bild für die Frau sind bekannt.,german_stimuli.csv,german,1.408277,-0.030022476707568524,0.08663510378445997,0.1166575804920285,1.4094003,-0.10115663402140644,0.04004737639441582,0.14120401041582226,9,0.8224019,0.004535137675702572,0.011109655722975731,0.006574518047273159,0.0
18,amb_pl_sg,pl,amb,sg,Das Bild für die Frauen ist bekannt.,german_stimuli.csv,german,1.3800477,-0.017076693590855063,0.09085324441847384,0.1079299380093289,1.4910858,-0.09455675873849757,0.05985747659634583,0.15441423533484339,9,1.0145899,0.014189633540809155,0.027748456224799156,0.013558822683990002,1.0
18,amb_pl_pl,pl,amb,pl,Das Bild für die Frauen sind bekannt.,german_stimuli.csv,german,1.4341857,-0.014894738832405375,0.08442214205832313,0.0993168808907285,1.4411254,-0.13259687996261565,0.03997559030748159,0.17257247027009726,9,0.93055135,0.009249301627278328,0.018540097400546074,0.009290795773267746,0.0
18,unamb_sg_sg,sg,unamb,sg,Das Bild mit der Frau ist bekannt.,german_stimuli.csv,german,1.3387969,-0.004007471016142872,0.09455057325024027,0.09855804426638315,1.4245453,-0.07996155954860158,0.058655285742506315,0.1386168452911079,9,1.0282685,0.013839762657880783,0.026291493326425552,0.01245173066854477,0.0
18,unamb_sg_pl,sg,unamb,pl,Das Bild mit der Frau sind bekannt.,german_stimuli.csv,german,1.4008552,-0.00604226108049768,0.08852435867605384,0.09456661975655152,1.3849577,-0.09591329854337681,0.041801966914141585,0.1377152654575184,9,0.82715297,0.007091596722602844,0.012400835752487183,0.005309239029884338,0.0
18,unamb_pl_sg,pl,unamb,sg,Das Bild mit den Frauen ist bekannt.,german_stimuli.csv,german,1.3539472,0.0011119045455868283,0.09059022546175557,0.08947832091616874,1.4094205,-0.09291477403569463,0.054803351266649925,0.14771812530234457,9,1.0287218,0.01382692251354456,0.026766937226057053,0.012940014712512493,1.0
18,unamb_pl_pl,pl,unamb,pl,Das Bild mit den Frauen sind bekannt.,german_stimuli.csv,german,1.4196328,0.005401762611005801,0.08668773957568784,0.08128597696468205,1.4118922,-0.12249202411497147,0.04036097107579797,0.16285299519076943,9,0.94661915,0.01069396547973156,0.019254416227340698,0.008560450747609138,0.0
19,amb_sg_sg,sg,amb,sg,Das Telegramm für die Sängerin ist bekannt.,german_stimuli.csv,german,1.410327,-0.0993515921697103,0.04640185880829861,0.1457534509780089,1.5061964,-0.11333002411895454,0.06287981820157708,0.1762098423205316,9,1.0299193,0.01760934852063656,0.03199534863233566,0.014386000111699104,0.0
19,amb_sg_pl,sg,amb,pl,Das Telegramm für die Sängerin sind bekannt.,german_stimuli.csv,german,1.4494296,-0.0861376832286254,0.044887780300305734,0.13102546352893113,1.4605548,-0.0948349700853869,0.06359858237349544,0.15843355245888233,9,0.9415098,0.01364152878522873,0.023515520617365837,0.009873991832137108,0.0
19,amb_pl_sg,pl,amb,sg,Das Telegramm für die Sängerinnen ist bekannt.,german_stimuli.csv,german,1.5288912,-0.0917231499678138,0.04408355862592259,0.1358067085937364,1.5364435,-0.10733961129846552,0.06417039914702496,0.17151001044549047,9,0.9993411,0.015657315962016582,0.030199803411960602,0.01454248744994402,0.0
19,amb_pl_pl,pl,amb,pl,Das Telegramm für die Sängerinnen sind bekannt.,german_stimuli.csv,german,1.5502442,-0.07275704515933512,0.043275072125732096,0.11603211728506721,1.5280927,-0.10760129758310981,0.0627373291816049,0.17033862676471473,9,0.9138776,0.009415728971362114,0.020651832222938538,0.011236103251576424,0.0
19,unamb_sg_sg,sg,unamb,sg,Das Telegramm von der Sängerin ist bekannt.,german_stimuli.csv,german,1.416269,-0.09251132385015523,0.04549531654502346,0.13800664039517868,1.5236013,-0.11441170730487427,0.062118328745952044,0.17653003605082632,9,1.0560706,0.014698726125061512,0.029190104454755783,0.014491378329694271,0.0
19,unamb_sg_pl,sg,unamb,pl,Das Telegramm von der Sängerin sind bekannt.,german_stimuli.csv,german,1.4808141,-0.06742071852197,0.04392968377877082,0.11135040230074082,1.4923229,-0.09109115679314349,0.06537387106070305,0.15646502785384656,9,0.95085084,0.011114798486232758,0.02102019265294075,0.009905394166707993,0.0
19,unamb_pl_sg,pl,unamb,sg,Das Telegramm von den Sängerinnen ist bekannt.,german_stimuli.csv,german,1.5072768,-0.09191019379432248,0.04570842984903436,0.13761862364335684,1.5225253,-0.10762073412991349,0.06464115039923009,0.17226188452914357,9,1.0625218,0.013251349329948425,0.029886141419410706,0.01663479208946228,0.0
19,unamb_pl_pl,pl,unamb,pl,Das Telegramm von den Sängerinnen sind bekannt.,german_stimuli.csv,german,1.5498697,-0.0648146291265789,0.045070731329667525,0.10988536045624642,1.5719175,-0.10658268138742102,0.0664663630353843,0.1730490444228053,9,0.9480618,0.007339932024478912,0.020595505833625793,0.013255573809146881,0.0
20,amb_sg_sg,sg,amb,sg,Das Gerücht über die Kleinstadt ist bekannt.,german_stimuli.csv,german,1.3403156,-0.07217538663750815,0.04756021109135986,0.11973559772886802,1.3853362,-0.07728350841218114,0.09047563859483719,0.16775914700701833,9,0.9889952,0.029961111024022102,0.04350874572992325,0.013547634705901146,1.0
20,amb_sg_pl,sg,amb,pl,Das Gerücht über die Kleinstadt sind bekannt.,german_stimuli.csv,german,1.4493191,-0.05498002756708616,0.05700340803500126,0.11198343560208741,1.3147372,-0.06791011603398245,0.08471931127516556,0.15262942730914802,9,0.9681789,0.033457632176578045,0.043009571731090546,0.0095519395545125,1.0
20,amb_pl_sg,pl,amb,sg,Das Gerücht über die Kleinstädte ist bekannt.,german_stimuli.csv,german,1.430273,-0.06374178522184196,0.04570230615280195,0.1094440913746439,1.472173,-0.05312802992867667,0.0947495859943853,0.14787761592306198,9,0.9857257,0.029682373628020287,0.04202045127749443,0.012338077649474144,1.0
20,amb_pl_pl,pl,amb,pl,Das Gerücht über die Kleinstädte sind bekannt.,german_stimuli.csv,german,1.4959005,-0.06523807405105231,0.0521534601244241,0.1173915341754764,1.4359502,-0.0824844681949605,0.07791987794327841,0.1604043461382389,9,0.97888756,0.025766704231500626,0.03934586048126221,0.013579156249761581,1.0
20,unamb_sg_sg,sg,unamb,sg,Das Gerücht in der Kleinstadt ist bekannt.,german_stimuli.csv,german,1.3820137,-0.0665129565896109,0.04587527914096654,0.11238823573057743,1.4230236,-0.07945269940013314,0.08551212085818624,0.16496482025831938,9,1.0287871,0.03039354644715786,0.04087594524025917,0.01048239879310131,1.0
20,unamb_sg_pl,sg,unamb,pl,Das Gerücht in der Kleinstadt sind bekannt.,german_stimuli.csv,german,1.4986695,-0.03173144052354928,0.0540521762063463,0.08578361672989558,1.3033078,-0.06282007157257258,0.08657425531731487,0.14939432688988746,9,1.0196977,0.026517207734286785,0.03501885011792183,0.008501642383635044,1.0
20,unamb_pl_sg,pl,unamb,sg,Das Gerücht in den Kleinstädten ist bekannt.,german_stimuli.csv,german,1.4828578,-0.06728000152393747,0.04614033101792643,0.1134203325418639,1.5005171,-0.07351217746398135,0.08569993282073454,0.15921211028471588,9,1.0615392,0.028678998351097107,0.040029652416706085,0.011350654065608978,1.0
20,unamb_pl_pl,pl,unamb,pl,Das Gerücht in den Kleinstädten sind bekannt.,german_stimuli.csv,german,1.543342,-0.05546382818586153,0.05161592016327177,0.1070797483491333,1.437391,-0.09257574242144714,0.07245307618215788,0.16502881860360502,9,1.0272236,0.02080234047025442,0.032336387783288956,0.011534047313034534,1.0
21,amb_sg_sg,sg,amb,sg,Das Geschenk für die Tante ist bekannt.,german_stimuli.csv,german,1.3737481,-0.09917980336980019,0.03809984276075955,0.13727964613055973,1.4424884,-0.11263333902739145,0.05928392280779622,0.17191726183518768,9,1.0615191,0.012303265742957592,0.025211451575160027,0.012908185832202435,0.0
21,amb_sg_pl,sg,amb,pl,Das Geschenk für die Tante sind bekannt.,german_stimuli.csv,german,1.3965113,-0.09164789791957258,0.03848338699808853,0.1301312849176611,1.3924006,-0.11345172371656449,0.05118880061491578,0.16464052433148027,9,0.91203403,0.007681209594011307,0.015911607071757317,0.00823039747774601,0.0
21,amb_pl_sg,pl,amb,sg,Das Geschenk für die Tanten ist bekannt.,german_stimuli.csv,german,1.4737625,-0.10482518915838454,0.0419075547242187,0.14673274388260324,1.4664209,-0.10581290972233064,0.057079757574943234,0.16289266729727386,9,1.0414246,0.014787395484745502,0.026697903871536255,0.011910508386790752,0.0
21,amb_pl_pl,pl,amb,pl,Das Geschenk für die Tanten sind bekannt.,german_stimuli.csv,german,1.4970193,-0.0857894953392588,0.0435333307518249,0.1293228260910837,1.4481444,-0.12166056184361347,0.04864791447033516,0.17030847631394863,9,0.9371345,0.007427666336297989,0.017115026712417603,0.009687360376119614,0.0
21,unamb_sg_sg,sg,unamb,sg,Das Geschenk von der Tante ist bekannt.,german_stimuli.csv,german,1.3664589,-0.09050305897750151,0.03642595440009244,0.12692901337759394,1.4549987,-0.11323730351670372,0.05371345931397094,0.16695076283067464,9,1.0354707,0.011652152985334396,0.023431789129972458,0.011779636144638062,0.0
21,unamb_sg_pl,sg,unamb,pl,Das Geschenk von der Tante sind bekannt.,german_stimuli.csv,german,1.4221363,-0.06597165335126065,0.038617740831506486,0.10458939418276714,1.4021952,-0.11620181479746572,0.04601467049425371,0.16221648529171945,9,0.8497583,0.006365504115819931,0.013986364006996155,0.007620859891176224,0.0
21,unamb_pl_sg,pl,unamb,sg,Das Geschenk von den Tanten ist bekannt.,german_stimuli.csv,german,1.4453068,-0.10709124601131634,0.042641101952119696,0.14973234796343604,1.4383371,-0.1067155545966749,0.0552548768540795,0.1619704314507544,9,1.0911481,0.009097833186388016,0.024212747812271118,0.015114914625883102,0.0
21,unamb_pl_pl,pl,unamb,pl,Das Geschenk von den Tanten sind bekannt.,german_stimuli.csv,german,1.5138743,-0.07167180676913176,0.04720091458004845,0.11887272134918021,1.4484855,-0.12128468979529687,0.04844129863746812,0.169725988432765,9,0.9351922,0.004266706295311451,0.015074282884597778,0.010807576589286327,0.0
22,amb_sg_sg,sg,amb,sg,Die Beratung über die Fabrik ist bekannt.,german_stimuli.csv,german,1.4643595,-0.08764659816942252,0.04439460570742132,0.13204120387684384,1.4096012,-0.02602115478113263,0.10318983244031699,0.1292109872214496,9,1.1147686,0.027838807553052902,0.04370647668838501,0.015867669135332108,1.0
22,amb_sg_pl,sg,amb,pl,Die Beratung über die Fabrik sind bekannt.,german_stimuli.csv,german,1.4666414,-0.0889386228092403,0.03800369409241877,0.12694231690165908,1.3429158,-0.03663280962091588,0.084703505252854,0.12133631487376988,9,1.045174,0.023036387749016285,0.037477415055036545,0.01444102730602026,1.0
22,amb_pl_sg,pl,amb,sg,Die Beratung über die Fabriken ist bekannt.,german_stimuli.csv,german,1.5274769,-0.10311941914068257,0.046770708270116756,0.14989012741079932,1.4244015,-0.031484523804327494,0.10007358373382128,0.13155810753814876,9,1.0912018,0.021547984331846237,0.037875011563301086,0.01632702723145485,1.0
22,amb_pl_pl,pl,amb,pl,Die Beratung über die Fabriken sind bekannt.,german_stimuli.csv,german,1.5415728,-0.09654877345229806,0.04121825962091634,0.13776703307321442,1.3691456,-0.045061234126576546,0.08326109117105478,0.12832232529763132,9,1.0599191,0.02338309772312641,0.039860330522060394,0.016477232798933983,1.0
22,unamb_sg_sg,sg,unamb,sg,Die Beratung in der Fabrik ist bekannt.,german_stimuli.csv,german,1.4468734,-0.08854987503867362,0.04210615788894445,0.13065603292761807,1.4549282,-0.03463269886343088,0.09635522761599813,0.130987926479429,9,1.0813254,0.02651966456323862,0.038340725004673004,0.011821060441434383,1.0
22,unamb_sg_pl,sg,unamb,pl,Die Beratung in der Fabrik sind bekannt.,german_stimuli.csv,german,1.4674509,-0.07182366589131153,0.035531693042598345,0.10735535893390988,1.371492,-0.04443178554660465,0.07840143250637863,0.12283321805298328,9,1.0410042,0.03066244814544916,0.04182785376906395,0.011165405623614788,1.0
22,unamb_pl_sg,pl,unamb,sg,Die Beratung in den Fabriken ist bekannt.,german_stimuli.csv,german,1.507118,-0.10656773445803366,0.04589813187162406,0.15246586632965772,1.436095,-0.038648645664632574,0.09244384906154846,0.13109249472618104,9,1.1064918,0.026428123004734516,0.0385759137570858,0.012147790752351284,1.0
22,unamb_pl_pl,pl,unamb,pl,Die Beratung in den Fabriken sind bekannt.,german_stimuli.csv,german,1.5346868,-0.08795981076809767,0.03979277891003221,0.12775258967812989,1.373436,-0.04895850496210237,0.0779239848085485,0.12688248977065086,9,1.0862235,0.03200298175215721,0.044908951967954636,0.012905970215797424,1.0
23,amb_sg_sg,sg,amb,sg,Die Überweisung auf das Konto ist bekannt.,german_stimuli.csv,german,1.4848096,-0.0028668445753282867,0.08370151726994664,0.08656836184527492,1.4829845,-0.06234391911536896,0.0759038500476212,0.13824776916299014,9,1.0805455,0.01840288657695055,0.03380674496293068,0.01540385838598013,0.0
23,amb_sg_pl,sg,amb,pl,Die Überweisung auf das Konto sind bekannt.,german_stimuli.csv,german,1.5410082,0.001123881444982544,0.08340746029007277,0.08228357884509023,1.431199,-0.06760522915822449,0.06363706633607862,0.1312422954943031,9,0.97488344,0.016894244588911533,0.029107362031936646,0.012213117443025112,0.0
23,amb_pl_sg,pl,amb,sg,Die Überweisung auf die Konten ist bekannt.,german_stimuli.csv,german,1.4997447,-0.0038538145450729643,0.08561748341508064,0.0894712979601536,1.4462739,-0.06566261281350201,0.06982518229542727,0.13548779510892928,9,1.060321,0.01881263591349125,0.03297039121389389,0.014157755300402641,0.0
23,amb_pl_pl,pl,amb,pl,Die Überweisung auf die Konten sind bekannt.,german_stimuli.csv,german,1.5555253,0.0023997335865715286,0.08540865240975108,0.08300891882317955,1.4218919,-0.07751084738880251,0.06141687212042655,0.13892771950922905,9,0.9891139,0.014980067498981953,0.028374969959259033,0.01339490246027708,0.0
23,unamb_sg_sg,sg,unamb,sg,Die Überweisung von dem Konto ist bekannt.,german_stimuli.csv,german,1.5025675,-0.0002479327184119029,0.09028413671367161,0.09053206943208351,1.535418,-0.07205191728260303,0.0672092669776461,0.13926118426024914,9,1.1207031,0.01753901317715645,0.030690880492329597,0.013151867315173149,0.0
23,unamb_sg_pl,sg,unamb,pl,Die Überweisung von dem Konto sind bekannt.,german_stimuli.csv,german,1.5618466,0.003886338158918079,0.08767790245619836,0.08379156429728027,1.4958564,-0.07369214708677845,0.05778537259676142,0.13147751968353988,9,1.0295689,0.018291576765477657,0.02844076044857502,0.010149183683097363,0.0
23,unamb_pl_sg,pl,unamb,sg,Die Überweisung von den Konten ist bekannt.,german_stimuli.csv,german,1.5171559,0.008362228644273273,0.09137299908370551,0.08301077043943224,1.4737024,-0.07148942159969777,0.06192617358624517,0.13341559518594295,9,1.1127782,0.024459468200802803,0.03352152556180954,0.009062057361006737,0.0
23,unamb_pl_pl,pl,unamb,pl,Die Überweisung von den Konten sind bekannt.,german_stimuli.csv,german,1.569568,0.01774718820452108,0.08845938638987719,0.0707121981853561,1.4748986,-0.08362885903267028,0.05384099414872168,0.13746985318139196,9,1.0432727,0.022651148959994316,0.031553491950035095,0.008902342990040779,0.0
24,amb_sg_sg,sg,amb,sg,Die Übersetzung in die Fremdsprache ist bekannt.,german_stimuli.csv,german,1.4495713,-0.10596034615714842,0.05045249521230773,0.15641284136945616,1.414345,-0.09497131225609898,0.06116591705983758,0.15613722931593657,9,1.0229512,0.018004056066274643,0.03148737549781799,0.01348331943154335,1.0
24,amb_sg_pl,sg,amb,pl,Die Übersetzung in die Fremdsprache sind bekannt.,german_stimuli.csv,german,1.4951763,-0.09262563372916474,0.043318268878522304,0.13594390260768704,1.336211,-0.07108668089006116,0.06781335319299231,0.13890003408305346,9,0.9711296,0.016991280019283295,0.028039170429110527,0.011047890409827232,1.0
24,amb_pl_sg,pl,amb,sg,Die Übersetzung in die Fremdsprachen ist bekannt.,german_stimuli.csv,german,1.4673394,-0.08673343958355133,0.05362229614700311,0.14035573573055443,1.3892215,-0.0855946775373397,0.05770381113175773,0.14329848866909742,9,1.0771124,0.016938164830207825,0.032622210681438446,0.01568404585123062,1.0
24,amb_pl_pl,pl,amb,pl,Die Übersetzung in die Fremdsprachen sind bekannt.,german_stimuli.csv,german,1.4981759,-0.09292854632384433,0.04201633647300014,0.13494488279684447,1.3505503,-0.07998478727372457,0.06504147499376814,0.1450262622674927,9,1.0222739,0.014131128787994385,0.028673654422163963,0.014542525634169579,1.0
24,unamb_sg_sg,sg,unamb,sg,Die Übersetzung aus der Fremdsprache ist bekannt.,german_stimuli.csv,german,1.4507512,-0.10339026768450595,0.04996690909193831,0.15335717677644425,1.4501516,-0.09222860344725489,0.06327522365336477,0.15550382710061966,9,1.0214715,0.022529907524585724,0.03435554355382919,0.01182563602924347,1.0
24,unamb_sg_pl,sg,unamb,pl,Die Übersetzung aus der Fremdsprache sind bekannt.,german_stimuli.csv,german,1.498335,-0.08575734847017884,0.04298405284916953,0.12874140131934836,1.370666,-0.06957394681125777,0.0682159560248266,0.13778990283608436,9,0.963102,0.023281365633010864,0.03336310386657715,0.010081738233566284,1.0
24,unamb_pl_sg,pl,unamb,sg,Die Übersetzung aus den Fremdsprachen ist bekannt.,german_stimuli.csv,german,1.4664581,-0.08605719574869966,0.055185035754865906,0.14124223150356557,1.4080863,-0.08307395752454241,0.05890536137921672,0.14197931890375912,9,1.0714427,0.02281839493662119,0.035977721214294434,0.013159326277673244,1.0
24,unamb_pl_pl,pl,unamb,pl,Die Übersetzung aus den Fremdsprachen sind bekannt.,german_stimuli.csv,german,1.5027215,-0.08846453477926844,0.044231157005924615,0.13269569178519305,1.3766448,-0.07773349234733332,0.06589970508691323,0.14363319743424655,9,1.028933,0.023320483043789864,0.03562482073903084,0.012304337695240974,1.0
25,amb_sg_sg,sg,amb,sg,Die Stellungnahme gegen die Demonstration ist bekannt.,german_stimuli.csv,german,1.3846291,-0.06459552249755064,0.04592014810235866,0.1105156705999093,1.4264787,-0.07191941984807844,0.07769019752862161,0.14960961737670003,9,1.1147233,0.02193506807088852,0.035848625004291534,0.013913556933403015,1.0
25,amb_sg_pl,sg,amb,pl,Die Stellungnahme gegen die Demonstration sind bekannt.,german_stimuli.csv,german,1.396258,-0.06447429159342968,0.045835092604275963,0.11030938419770564,1.3606375,-0.0796685128164111,0.059552372347693304,0.1392208851641044,9,1.0148902,0.023989995941519737,0.034231409430503845,0.010241413488984108,1.0
25,amb_pl_sg,pl,amb,sg,Die Stellungnahme gegen die Demonstrationen ist bekannt.,german_stimuli.csv,german,1.3450928,-0.07351407981802513,0.04420668883304042,0.11772076865106555,1.4188111,-0.05157759366486693,0.08548319675098634,0.13706079041585326,9,1.11913,0.026943014934659004,0.04172692820429802,0.014783913269639015,1.0
25,amb_pl_pl,pl,amb,pl,Die Stellungnahme gegen die Demonstrationen sind bekannt.,german_stimuli.csv,german,1.3647056,-0.07246175305976381,0.04288012066136302,0.11534187372112684,1.3952793,-0.0906936317169926,0.06012843344827379,0.1508220651652664,9,1.052957,0.03081214614212513,0.04395123943686485,0.013139093294739723,1.0
25,unamb_sg_sg,sg,unamb,sg,Die Stellungnahme zu der Demonstration ist bekannt.,german_stimuli.csv,german,1.4270916,-0.06081637867400127,0.04697121107536281,0.10778758974936409,1.3946218,-0.06034460971047932,0.08995055826464837,0.1502951679751277,9,1.0724196,0.015151242725551128,0.029045013710856438,0.01389377098530531,0.0
25,unamb_sg_pl,sg,unamb,pl,Die Stellungnahme zu der Demonstration sind bekannt.,german_stimuli.csv,german,1.42968,-0.05940188131576054,0.04584394530768474,0.10524582662344528,1.3326892,-0.0724782719712956,0.0667997997283684,0.139278071699664,9,0.92558104,0.014719195663928986,0.02387646958231926,0.009157273918390274,1.0
25,unamb_pl_sg,pl,unamb,sg,Die Stellungnahme zu den Demonstrationen ist bekannt.,german_stimuli.csv,german,1.413009,-0.05868818273699187,0.046900508852272406,0.10558869158926427,1.390948,-0.04345806101275747,0.09382608984658355,0.13728415085934104,9,1.0756973,0.022614234127104282,0.03457364812493324,0.01195941399782896,1.0
25,unamb_pl_pl,pl,unamb,pl,Die Stellungnahme zu den Demonstrationen sind bekannt.,german_stimuli.csv,german,1.419422,-0.053724477241596166,0.04523141852849033,0.0989558957700865,1.3727001,-0.08414215962208357,0.06638962761693154,0.1505317872390151,9,0.94903696,0.020085379481315613,0.030376946553587914,0.0102915670722723,1.0
26,amb_sg_sg,sg,amb,sg,Die Unterhaltung über die Künstlerin ist bekannt.,german_stimuli.csv,german,1.37589,-0.11036374791774892,0.04286494973980165,0.1532286976575506,1.3211393,-0.049565701186485976,0.11342926854284814,0.1629949697293341,9,1.0702624,0.029709670692682266,0.04814158380031586,0.01843191310763359,1.0
26,amb_sg_pl,sg,amb,pl,Die Unterhaltung über die Künstlerin sind bekannt.,german_stimuli.csv,german,1.3997012,-0.10864034470274124,0.04219695931182581,0.15083730401456705,1.2704158,-0.060577431925698644,0.09343074704600918,0.15400817897170782,9,0.96171504,0.017752621322870255,0.03507619723677635,0.017323575913906097,1.0
26,amb_pl_sg,pl,amb,sg,Die Unterhaltung über die Künstlerinnen ist bekannt.,german_stimuli.csv,german,1.4976952,-0.08350236601918368,0.04655848094726025,0.13006084696644393,1.3685176,-0.041958909005336456,0.10522165676724167,0.14718056577257813,9,0.9793385,0.027340563014149666,0.042354293167591095,0.01501373015344143,1.0
26,amb_pl_pl,pl,amb,pl,Die Unterhaltung über die Künstlerinnen sind bekannt.,german_stimuli.csv,german,1.5116706,-0.0795993662777164,0.046855199466199336,0.12645456574391573,1.3326814,-0.06295118844279386,0.08536750804490112,0.14831869648769497,9,0.95743567,0.024769702926278114,0.039329010993242264,0.01455930806696415,1.0
26,unamb_sg_sg,sg,unamb,sg,Die Unterhaltung mit der Künstlerin ist bekannt.,german_stimuli.csv,german,1.3956168,-0.10931973089905736,0.0406729698980536,0.14999270079711097,1.3382959,-0.0675597817402666,0.09956167007346102,0.16712145181372762,9,1.0487381,0.022672589868307114,0.03956643491983414,0.016893845051527023,1.0
26,unamb_sg_pl,sg,unamb,pl,Die Unterhaltung mit der Künstlerin sind bekannt.,german_stimuli.csv,german,1.4393595,-0.09970839670975953,0.03912804879065983,0.13883644550041935,1.2980511,-0.0687928720371548,0.08388529582938814,0.15267816786654292,9,0.9767817,0.017759360373020172,0.03202147036790848,0.014262109994888306,1.0
26,unamb_pl_sg,pl,unamb,sg,Die Unterhaltung mit den Künstlerinnen ist bekannt.,german_stimuli.csv,german,1.5049658,-0.08468318481563983,0.04685565879817659,0.13153884361381643,1.3700966,-0.05180279083099541,0.09515012855160657,0.14695291938260197,9,0.9764924,0.018994834274053574,0.035279661417007446,0.016284827142953873,1.0
26,unamb_pl_pl,pl,unamb,pl,Die Unterhaltung mit den Künstlerinnen sind bekannt.,german_stimuli.csv,german,1.5351952,-0.07411581167398254,0.046166516355151545,0.12028232802913408,1.3545567,-0.0683815182262161,0.07949315997948263,0.14787467820569872,9,0.9689983,0.018799884244799614,0.03489747270941734,0.01609758846461773,1.0
27,amb_sg_sg,sg,amb,sg,Die Verhandlung über die Schule ist bekannt.,german_stimuli.csv,german,1.4174613,-0.052404285389462235,0.05053372730398616,0.1029380126934484,1.4178301,-0.06629351449652063,0.08140784930450422,0.14770136380102486,9,1.1052742,0.028495727106928825,0.04173751920461655,0.013241792097687721,1.0
27,amb_sg_pl,sg,amb,pl,Die Verhandlung über die Schule sind bekannt.,german_stimuli.csv,german,1.4527652,-0.0678924273711628,0.04351018765398197,0.11140261502514477,1.3011858,-0.06645128400903672,0.06357803875673086,0.13002932276576756,9,1.0147376,0.02167253941297531,0.03382536768913269,0.01215282827615738,1.0
27,amb_pl_sg,pl,amb,sg,Die Verhandlung über die Schulen ist bekannt.,german_stimuli.csv,german,1.3736758,-0.05659392550600491,0.052135877306735766,0.10872980281274067,1.4021229,-0.06169285895295854,0.0791553936899412,0.14084825264289974,9,1.0849621,0.026743445545434952,0.040302179753780365,0.013558734208345413,1.0
27,amb_pl_pl,pl,amb,pl,Die Verhandlung über die Schulen sind bekannt.,german_stimuli.csv,german,1.4310253,-0.05909131059675203,0.04583104359548813,0.10492235419224016,1.3339307,-0.08797385157030782,0.059068653639957704,0.14704250521026552,9,1.0254176,0.027484461665153503,0.039972588419914246,0.012488126754760742,1.0
27,unamb_sg_sg,sg,unamb,sg,Die Verhandlung mit der Schule ist bekannt.,german_stimuli.csv,german,1.4254141,-0.05237814469388623,0.04898289411706928,0.10136103881095551,1.4192911,-0.07776424824242482,0.07173058283532967,0.1494948310777545,9,1.0764278,0.03170741908252239,0.04110374674201012,0.009396327659487724,1.0
27,unamb_sg_pl,sg,unamb,pl,Die Verhandlung mit der Schule sind bekannt.,german_stimuli.csv,german,1.470656,-0.05846523954734963,0.04107558559569937,0.099540825143049,1.3090885,-0.07366808263953073,0.05612953908373373,0.12979762172326445,9,1.0424331,0.029845398850739002,0.03808131441473961,0.008235915564000607,1.0
27,unamb_pl_sg,pl,unamb,sg,Die Verhandlung mit den Schulen ist bekannt.,german_stimuli.csv,german,1.3893056,-0.05272794321381273,0.051213593361626654,0.10394153657543939,1.3900092,-0.07384155802423513,0.06713535729800904,0.14097691532224416,9,1.1027949,0.02895390707999468,0.0393705889582634,0.010416681878268719,1.0
27,unamb_pl_pl,pl,unamb,pl,Die Verhandlung mit den Schulen sind bekannt.,german_stimuli.csv,german,1.4494703,-0.05189305735888343,0.04383347027856939,0.09572652763745282,1.3375382,-0.09336163448135987,0.05323856649954185,0.1466002009809017,9,1.0877091,0.033707776106894016,0.043566130101680756,0.00985835399478674,1.0
28,amb_sg_sg,sg,amb,sg,Die Brücke über das Tal ist bekannt.,german_stimuli.csv,german,1.3135908,-0.0826257606153034,0.02206011357092179,0.10468587418622519,1.33233,-0.07473478428622703,0.05540294829221447,0.1301377325784415,9,0.9840727,0.021515214815735817,0.030042584985494614,0.008527370169758797,1.0
28,amb_sg_pl,sg,amb,pl,Die Brücke über das Tal sind bekannt.,german_stimuli.csv,german,1.3803719,-0.05766929333635904,0.025916498879131035,0.08358579221549008,1.2740062,-0.07956088023617987,0.0468680824024218,0.12642896263860165,9,0.86971104,0.019834560342133045,0.02570132166147232,0.005866761319339275,1.0
28,amb_pl_sg,pl,amb,sg,Die Brücke über die Täler ist bekannt.,german_stimuli.csv,german,1.3995088,-0.07767783469475945,0.023064540621135166,0.10074237531589461,1.3516363,-0.07480686669391337,0.055588960562229714,0.1303958272561431,9,0.9929022,0.022816136479377747,0.03191569447517395,0.009099557995796204,1.0
28,amb_pl_pl,pl,amb,pl,Die Brücke über die Täler sind bekannt.,german_stimuli.csv,german,1.455134,-0.06399918420429458,0.026609704823931678,0.09060888902822625,1.3233387,-0.09295878890310175,0.04654548708009774,0.13950427598319948,9,0.93144464,0.02159390226006508,0.029675040394067764,0.008081138134002686,1.0
28,unamb_sg_sg,sg,unamb,sg,Die Brücke bei dem Tal ist bekannt.,german_stimuli.csv,german,1.2552973,-0.10222951501336242,0.02004156106300512,0.12227107607636753,1.3787937,-0.08134458669684011,0.05102860101741624,0.13237318771425635,9,1.040104,0.019471527077257633,0.028392326086759567,0.008920799009501934,1.0
28,unamb_sg_pl,sg,unamb,pl,Die Brücke bei dem Tal sind bekannt.,german_stimuli.csv,german,1.3370134,-0.0714950472855099,0.02311467958314726,0.09460972686865717,1.2793198,-0.08556399437664808,0.04146007153605311,0.12702406591270118,9,0.86650777,0.017749658785760403,0.0235943254083395,0.005844666622579098,1.0
28,unamb_pl_sg,pl,unamb,sg,Die Brücke bei den Tälern ist bekannt.,german_stimuli.csv,german,1.3794854,-0.09267302729022049,0.022591555089093163,0.11526458237931365,1.3634491,-0.08023803699478534,0.05234349929079387,0.1325815362855792,9,1.0636581,0.024106633849442005,0.0314510315656662,0.007344397716224194,1.0
28,unamb_pl_pl,pl,unamb,pl,Die Brücke bei den Tälern sind bekannt.,german_stimuli.csv,german,1.4444803,-0.06731389897104237,0.025727592776092933,0.0930414917471353,1.3102052,-0.09474351986949922,0.042963959987409095,0.13770747985690832,9,0.9624205,0.02669088263064623,0.0338413342833519,0.007150451652705669,1.0
29,amb_sg_sg,sg,amb,sg,Die Hilfsaktion für das Entwicklungsland ist bekannt.,german_stimuli.csv,german,1.571233,-0.10802502223494344,0.05008142790058514,0.15810645013552857,1.6233728,-0.0754147336264297,0.08710151888381992,0.16251625251024962,9,1.0545812,0.011991901323199272,0.02648410201072693,0.014492200687527657,0.0
29,amb_sg_pl,sg,amb,pl,Die Hilfsaktion für das Entwicklungsland sind bekannt.,german_stimuli.csv,german,1.5998391,-0.07861935796756825,0.05242178528785644,0.13104114325542468,1.4922664,-0.07101470796364247,0.06947276819524469,0.14048747615888715,9,0.99150497,0.012310164049267769,0.024727750569581985,0.012417586520314217,0.0
29,amb_pl_sg,pl,amb,sg,Die Hilfsaktion für die Entwicklungsländer ist bekannt.,german_stimuli.csv,german,1.5755861,-0.07129673227663033,0.05723845001213022,0.12853518228876054,1.5990716,-0.057529746015233044,0.08516067762798345,0.1426904236432165,9,1.0288644,0.02042348124086857,0.030028363689780235,0.009604882448911667,0.0
29,amb_pl_pl,pl,amb,pl,Die Hilfsaktion für die Entwicklungsländer sind bekannt.,german_stimuli.csv,german,1.5880752,-0.05245082982173699,0.058441748234054104,0.11089257805579109,1.5117905,-0.0781072967603734,0.06805192640405835,0.14615922316443175,9,0.9947944,0.01761364284902811,0.027437986806035042,0.009824343957006931,0.0
29,unamb_sg_sg,sg,unamb,sg,Die Hilfsaktion in dem Entwicklungsland ist bekannt.,german_stimuli.csv,german,1.5341876,-0.11944189942720271,0.05107749299071571,0.17051939241791841,1.582578,-0.06839151958707532,0.09096517163556257,0.1593566912226379,9,1.1452041,0.02110050804913044,0.03318975120782852,0.012089243158698082,0.0
29,unamb_sg_pl,sg,unamb,pl,Die Hilfsaktion in dem Entwicklungsland sind bekannt.,german_stimuli.csv,german,1.5754703,-0.08148074319692569,0.054932907873399016,0.13641365107032472,1.4604304,-0.06827687496669652,0.07110248043782948,0.139379355404526,9,1.0060124,0.01796648185700178,0.02826966717839241,0.010303185321390629,0.0
29,unamb_pl_sg,pl,unamb,sg,Die Hilfsaktion in den Entwicklungsländern ist bekannt.,german_stimuli.csv,german,1.5707085,-0.09286445474659218,0.06078585811723656,0.15365031286382874,1.5331385,-0.07850202478706655,0.08100133712165239,0.15950336190871894,9,1.1210822,0.024451504461467266,0.03532515466213226,0.010873650200664997,0.0
29,unamb_pl_pl,pl,unamb,pl,Die Hilfsaktion in den Entwicklungsländern sind bekannt.,german_stimuli.csv,german,1.5776622,-0.06931656544312545,0.062469666768618023,0.1317862322117435,1.4360973,-0.09512876413320655,0.06404598179249561,0.15917474592570216,9,1.007373,0.020814803428947926,0.03072446957230568,0.009909666143357754,0.0
30,amb_sg_sg,sg,amb,sg,Die Fernsehübertragung in das Nachbarland ist bekannt.,german_stimuli.csv,german,1.4975116,-0.11233952719954203,0.04976121410458774,0.16210074130412977,1.44596,-0.09985296013385128,0.06963938610076834,0.16949234623461962,9,1.2484821,0.022845545783638954,0.049451522529125214,0.02660597674548626,0.0
30,amb_sg_pl,sg,amb,pl,Die Fernsehübertragung in das Nachbarland sind bekannt.,german_stimuli.csv,german,1.5660756,-0.08131623208024052,0.047161526985331645,0.12847775906557218,1.4144195,-0.09992151214961645,0.06009648711200122,0.16001799926161767,9,1.1176662,0.017570476979017258,0.03685916215181351,0.01928868517279625,0.0
30,amb_pl_sg,pl,amb,sg,Die Fernsehübertragung in die Nachbarländer ist bekannt.,german_stimuli.csv,german,1.516662,-0.09510498705329269,0.052862712789846,0.14796769984313868,1.4546696,-0.10750363453847149,0.06410487318786998,0.17160850772634148,9,1.1780078,0.02746536210179329,0.04786039888858795,0.020395036786794662,0.0
30,amb_pl_pl,pl,amb,pl,Die Fernsehübertragung in die Nachbarländer sind bekannt.,german_stimuli.csv,german,1.555257,-0.06692875578090707,0.04923436255459137,0.11616311833549844,1.4477912,-0.13028852341896408,0.053888350555538,0.18417687397450208,9,1.074001,0.019811253994703293,0.036055341362953186,0.016244087368249893,0.0
30,unamb_sg_sg,sg,unamb,sg,Die Fernsehübertragung aus dem Nachbarland ist bekannt.,german_stimuli.csv,german,1.4949962,-0.10549386241700062,0.052393140646478285,0.15788700306347891,1.486491,-0.10081964854535057,0.0689233231133561,0.16974297165870667,9,1.1910851,0.019645359367132187,0.04578826576471329,0.0261429063975811,0.0
30,unamb_sg_pl,sg,unamb,pl,Die Fernsehübertragung aus dem Nachbarland sind bekannt.,german_stimuli.csv,german,1.5560232,-0.07252260985970907,0.05185018864812037,0.12437279850782942,1.436492,-0.10014152581669133,0.05940299333207566,0.159544519148767,9,1.0529113,0.0199185349047184,0.038156379014253616,0.018237844109535217,0.0
30,unamb_pl_sg,pl,unamb,sg,Die Fernsehübertragung aus den Nachbarländern ist bekannt.,german_stimuli.csv,german,1.5517135,-0.10331240343061551,0.05646830941757628,0.15978071284819179,1.4955592,-0.12052229696236597,0.062076846162750866,0.18259914312511683,9,1.163858,0.02478978782892227,0.045233096927404404,0.020443309098482132,0.0
30,unamb_pl_pl,pl,unamb,pl,Die Fernsehübertragung aus den Nachbarländern sind bekannt.,german_stimuli.csv,german,1.5864813,-0.07382471140299458,0.05384419611496014,0.12766890751795473,1.4690735,-0.13704278203073864,0.05191416615273829,0.1889569481834769,9,1.0697869,0.01948036625981331,0.03709165006875992,0.01761128380894661,0.0
31,amb_sg_sg,sg,amb,sg,Die Fahrt durch die Schlucht ist bekannt.,german_stimuli.csv,german,1.4252278,-0.06425116558261265,0.0359821314898511,0.10023329707246376,1.3542252,-0.0705800254496451,0.06649735984227774,0.13707738529192284,9,0.9246723,0.015802168287336826,0.028713062405586243,0.012910894118249416,1.0
31,amb_sg_pl,sg,amb,pl,Die Fahrt durch die Schlucht sind bekannt.,german_stimuli.csv,german,1.470896,-0.05407058362463886,0.041628101809578766,0.09569868543421763,1.2567251,-0.07170152245095415,0.05911725901526914,0.1308187814662233,9,0.8641559,0.013092497363686562,0.023172453045845032,0.01007995568215847,1.0
31,amb_pl_sg,pl,amb,sg,Die Fahrt durch die Schluchten ist bekannt.,german_stimuli.csv,german,1.4257684,-0.07092334613499247,0.035876664558958285,0.10680001069395076,1.3567361,-0.07811615452503291,0.06084433282392594,0.13896048734895886,9,0.90545607,0.018485261127352715,0.029647670686244965,0.01116240955889225,1.0
31,amb_pl_pl,pl,amb,pl,Die Fahrt durch die Schluchten sind bekannt.,german_stimuli.csv,german,1.4688803,-0.05965065685068112,0.040130341444455556,0.09978099829513667,1.2889874,-0.08735748889026973,0.05255564445527461,0.13991313334554434,9,0.8537914,0.013645075261592865,0.023833349347114563,0.010188274085521698,1.0
31,unamb_sg_sg,sg,unamb,sg,Die Fahrt zu der Schlucht ist bekannt.,german_stimuli.csv,german,1.4647806,-0.0482757582944231,0.03938508344788545,0.08766084174230855,1.3560082,-0.0693276306919958,0.06559931212540535,0.13492694281740114,9,0.9980289,0.02784593217074871,0.03946691006422043,0.011620977893471718,1.0
31,unamb_sg_pl,sg,unamb,pl,Die Fahrt zu der Schlucht sind bekannt.,german_stimuli.csv,german,1.5114934,-0.03472165690550355,0.04401934411030197,0.07874100101580553,1.2598314,-0.07464221892297745,0.05493832742211863,0.12958054634509608,9,0.94262624,0.0226987786591053,0.03101908415555954,0.008320305496454239,1.0
31,unamb_pl_sg,pl,unamb,sg,Die Fahrt zu den Schluchten ist bekannt.,german_stimuli.csv,german,1.4651356,-0.0642772118881794,0.040435307517623184,0.10471251940580259,1.3519872,-0.07956181869385684,0.057990569644515266,0.1375523883383721,9,0.9903841,0.03388463892042637,0.04349618777632713,0.009611548855900764,1.0
31,unamb_pl_pl,pl,unamb,pl,Die Fahrt zu den Schluchten sind bekannt.,german_stimuli.csv,german,1.5044906,-0.04883316932377966,0.04447682686636654,0.0933099961901462,1.2804594,-0.09113128883083893,0.04805742130363749,0.13918871013447642,9,0.93557036,0.024887755513191223,0.03430948406457901,0.009421728551387787,1.0
32,amb_sg_sg,sg,amb,sg,Die Diskussion über die Beamtin ist bekannt.,german_stimuli.csv,german,1.4340888,-0.05217791496550035,0.04417347037763193,0.09635138534313228,1.3996536,-0.019700182915482988,0.1166778846301098,0.13637806754559278,9,1.0710661,0.02046883851289749,0.03641156479716301,0.015942726284265518,1.0
32,amb_sg_pl,sg,amb,pl,Die Diskussion über die Beamtin sind bekannt.,german_stimuli.csv,german,1.4745538,-0.05117112561219983,0.041006885570095616,0.09217801118229545,1.3007977,-0.03671661047897721,0.09350005921973428,0.13021666969871148,9,0.9751044,0.01517809834331274,0.02822662889957428,0.01304853055626154,1.0
32,amb_pl_sg,pl,amb,sg,Die Diskussion über die Beamtinnen ist bekannt.,german_stimuli.csv,german,1.4777281,-0.07437536975037914,0.040769778228531096,0.11514514797891025,1.4165171,-0.031125396093373503,0.11310800003211821,0.14423339612549171,9,1.002632,0.01442069560289383,0.029400326311588287,0.014979630708694458,1.0
32,amb_pl_pl,pl,amb,pl,Die Diskussion über die Beamtinnen sind bekannt.,german_stimuli.csv,german,1.513484,-0.06779489385129409,0.03882918624682361,0.1066240800981177,1.3658721,-0.05061109632185481,0.09395529382930316,0.14456639015115796,9,0.9389296,0.012591416016221046,0.026548532769083977,0.01395711675286293,1.0
32,unamb_sg_sg,sg,unamb,sg,Die Diskussion mit der Beamtin ist bekannt.,german_stimuli.csv,german,1.4565792,-0.05341464644163807,0.04153215849044045,0.09494680493207852,1.3914045,-0.024791289658415573,0.1100725902108108,0.13486387986922638,9,1.0846158,0.022192981094121933,0.038369618356227875,0.016176637262105942,1.0
32,unamb_sg_pl,sg,unamb,pl,Die Diskussion mit der Beamtin sind bekannt.,german_stimuli.csv,german,1.5013126,-0.04287802976086823,0.03807524444400769,0.08095327420487593,1.3055847,-0.04621618938864169,0.08364866735181811,0.1298648567404598,9,0.9957308,0.01554948277771473,0.028769856318831444,0.013220373541116714,1.0
32,unamb_pl_sg,pl,unamb,sg,Die Diskussion mit den Beamtinnen ist bekannt.,german_stimuli.csv,german,1.502146,-0.07554335940157557,0.03971119543485315,0.11525455483642873,1.4000552,-0.0379333883654114,0.10507479893138891,0.14300818729680032,9,1.0525724,0.01446533016860485,0.03146301209926605,0.0169976819306612,1.0
32,unamb_pl_pl,pl,unamb,pl,Die Diskussion mit den Beamtinnen sind bekannt.,german_stimuli.csv,german,1.53772,-0.05991678302571017,0.0378383774975191,0.09775516052322927,1.3581483,-0.05880174493848398,0.08355023056303099,0.14235197550151496,9,0.99958944,0.013622568920254707,0.029599612578749657,0.01597704365849495,1.0
33,amb_sg_sg,sg,amb,sg,Die Auseinandersetzung über das Kind ist bekannt.,german_stimuli.csv,german,1.4510716,-0.024167788520745147,0.056813167032677823,0.08098095555342297,1.4347951,-0.01664577775084162,0.11207073540278963,0.12871651315363125,9,1.0871072,0.022103099152445793,0.03501594811677933,0.012912848964333534,0.0
33,amb_sg_pl,sg,amb,pl,Die Auseinandersetzung über das Kind sind bekannt.,german_stimuli.csv,german,1.4990308,-0.025484757012438308,0.05351542718797475,0.07900018420041306,1.3609079,-0.04214673826291473,0.0831992797152394,0.12534601797815412,9,0.9738116,0.015603122301399708,0.025160886347293854,0.009557764045894146,0.0
33,amb_pl_sg,pl,amb,sg,Die Auseinandersetzung über die Kinder ist bekannt.,german_stimuli.csv,german,1.4566321,-0.040929559677422844,0.057206553230318494,0.09813611290774134,1.4583783,-0.01104288112123406,0.11368380008048469,0.12472668120171874,9,1.0354446,0.014954987913370132,0.029931843280792236,0.014976855367422104,0.0
33,amb_pl_pl,pl,amb,pl,Die Auseinandersetzung über die Kinder sind bekannt.,german_stimuli.csv,german,1.4981745,-0.045560384715096804,0.05366721345181134,0.09922759816690814,1.4373925,-0.04968722952147484,0.08659177203113674,0.13627900155261158,9,0.9440392,0.009921327233314514,0.022801194339990616,0.012879867106676102,0.0
33,unamb_sg_sg,sg,unamb,sg,Die Auseinandersetzung mit dem Kind ist bekannt.,german_stimuli.csv,german,1.4243972,-0.041005537827041395,0.053184635072975085,0.09419017290001648,1.4194767,-0.026933049632678552,0.1019107067599196,0.12884375639259815,9,1.0671941,0.023309522308409214,0.035166364163160324,0.01185684185475111,0.0
33,unamb_sg_pl,sg,unamb,pl,Die Auseinandersetzung mit dem Kind sind bekannt.,german_stimuli.csv,german,1.4879074,-0.029017795864876916,0.0515449474788852,0.08056274334376212,1.346945,-0.0478546574738087,0.07650926779925582,0.12436392527306453,9,0.9582774,0.01779257133603096,0.02586442604660988,0.008071854710578918,0.0
33,unamb_pl_sg,pl,unamb,sg,Die Auseinandersetzung mit den Kindern ist bekannt.,german_stimuli.csv,german,1.472288,-0.032446374525210334,0.05915439771193291,0.09160077223714325,1.4320208,-0.019460069642342325,0.1033895756835717,0.12284964532591403,9,1.011359,0.016261880286037922,0.030265670269727707,0.014003789983689785,0.0
33,unamb_pl_pl,pl,unamb,pl,Die Auseinandersetzung mit den Kindern sind bekannt.,german_stimuli.csv,german,1.5048743,-0.030627427222611914,0.0532233109129038,0.08385073813551572,1.3964688,-0.04589791943138906,0.08009274245420031,0.12599066188558936,9,0.9163655,0.010843350552022457,0.0222946684807539,0.011451317928731441,0.0
34,amb_sg_sg,sg,amb,sg,Die Veröffentlichung über die Zeitschrift ist bekannt.,german_stimuli.csv,german,1.3455358,-0.08793260548160262,0.06637440356142932,0.15430700904303193,1.4831707,-0.08035456234450197,0.07797908118133687,0.15833364352583884,9,1.1598239,0.010582022368907928,0.030371878296136856,0.019789855927228928,0.0
34,amb_sg_pl,sg,amb,pl,Die Veröffentlichung über die Zeitschrift sind bekannt.,german_stimuli.csv,german,1.3818846,-0.05578377771497003,0.07204535103948614,0.12782912875445618,1.3865337,-0.07242980609141383,0.07122221383772698,0.1436520199291408,9,1.0301262,0.0167995048686862,0.02992178685963154,0.01312228199094534,0.0
34,amb_pl_sg,pl,amb,sg,Die Veröffentlichung über die Zeitschriften ist bekannt.,german_stimuli.csv,german,1.3576268,-0.05446130383113825,0.07931242588913108,0.13377372972026932,1.4530158,-0.07168112763347548,0.07590096087051112,0.1475820885039866,9,1.0936137,0.01487068459391594,0.029968533664941788,0.015097849071025848,0.0
34,amb_pl_pl,pl,amb,pl,Die Veröffentlichung über die Zeitschriften sind bekannt.,german_stimuli.csv,german,1.3993404,-0.03301811868223581,0.08052564144381336,0.11354376012604916,1.417851,-0.0842233479352811,0.06685696352700203,0.15108031146228312,9,1.0020924,0.015474307350814342,0.02860368974506855,0.013129382394254208,0.0
34,unamb_sg_sg,sg,unamb,sg,Die Veröffentlichung in der Zeitschrift ist bekannt.,german_stimuli.csv,german,1.3054422,-0.08932228453353872,0.06863457600480416,0.15795686053834287,1.4865129,-0.08099340866371743,0.07541158073529848,0.1564049893990159,9,1.1208575,0.011956069618463516,0.030255090445280075,0.01829902082681656,0.0
34,unamb_sg_pl,sg,unamb,pl,Die Veröffentlichung in der Zeitschrift sind bekannt.,german_stimuli.csv,german,1.3629241,-0.049095651949488686,0.07293041797992714,0.12202606992941582,1.3938726,-0.07167595072617608,0.06985407679373545,0.14153002751991153,9,0.9943305,0.018000156618654728,0.031453363597393036,0.013453206978738308,0.0
34,unamb_pl_sg,pl,unamb,sg,Die Veröffentlichung in den Zeitschriften ist bekannt.,german_stimuli.csv,german,1.381338,-0.04070951519086492,0.08534574504748918,0.1260552602383541,1.4320343,-0.07068292130693318,0.07356163407698749,0.14424455538392067,9,1.100371,0.01594473049044609,0.0308384969830513,0.01489376649260521,0.0
34,unamb_pl_pl,pl,unamb,pl,Die Veröffentlichung in den Zeitschriften sind bekannt.,german_stimuli.csv,german,1.4232882,-0.016392228007532594,0.08342406882999284,0.09981629683752544,1.4020838,-0.08005057938065363,0.06709903020743298,0.1471496095880866,9,0.9431517,0.01504697185009718,0.026977406814694405,0.011930434964597225,0.0
35,amb_sg_sg,sg,amb,sg,Die Berichterstattung über die Bundestagsdebatte ist bekannt.,german_stimuli.csv,german,1.4319098,-0.08995127980093684,0.04124261666296434,0.13119389646390117,1.4733154,-0.05664944122342295,0.10694281137751513,0.16359225260093807,9,1.0438348,0.02509114146232605,0.039194196462631226,0.014103055000305176,0.0
35,amb_sg_pl,sg,amb,pl,Die Berichterstattung über die Bundestagsdebatte sind bekannt.,german_stimuli.csv,german,1.4400595,-0.0814802676963609,0.039685565695572224,0.12116583339193313,1.3905854,-0.059649922424535616,0.09191415318699611,0.15156407561153173,9,0.9211752,0.01750902086496353,0.02966998890042305,0.012160968035459518,0.0
35,amb_pl_sg,pl,amb,sg,Die Berichterstattung über die Bundestagsdebatten ist bekannt.,german_stimuli.csv,german,1.4652926,-0.10720544612795564,0.04112731150580586,0.1483327576337615,1.4650658,-0.05880426350146308,0.10193975055493638,0.16074401405639946,9,1.0602783,0.025320906192064285,0.03993748128414154,0.014616575092077255,0.0
35,amb_pl_pl,pl,amb,pl,Die Berichterstattung über die Bundestagsdebatten sind bekannt.,german_stimuli.csv,german,1.4744027,-0.1012223256668932,0.03879748371648191,0.1400198093833751,1.4204943,-0.06711423622532493,0.0888811951308071,0.15599543135613203,9,0.94606817,0.016559338197112083,0.030394908040761948,0.013835569843649864,0.0
35,unamb_sg_sg,sg,unamb,sg,Die Berichterstattung von der Bundestagsdebatte ist bekannt.,german_stimuli.csv,german,1.4728944,-0.0811730208063409,0.04359094244894095,0.12476396325528186,1.4808838,-0.06453657556522074,0.09735357331846473,0.16189014888368547,9,1.0729371,0.020601768977940083,0.034530699253082275,0.013928930275142193,0.0
35,unamb_sg_pl,sg,unamb,pl,Die Berichterstattung von der Bundestagsdebatte sind bekannt.,german_stimuli.csv,german,1.4762397,-0.0658467058839051,0.04092558877700867,0.10677229466091376,1.4023068,-0.06727333027456198,0.08338502509932724,0.15065835537388922,9,0.92192304,0.01574884820729494,0.027056677266955376,0.011307829059660435,0.0
35,unamb_pl_sg,pl,unamb,sg,Die Berichterstattung von den Bundestagsdebatten ist bekannt.,german_stimuli.csv,german,1.4941093,-0.10351021816431114,0.045121031433799884,0.14863124959811103,1.4608046,-0.06641086165561774,0.09349388021275899,0.15990474186837672,9,1.0685084,0.02225289959460497,0.035921063274145126,0.013668163679540157,0.0
35,unamb_pl_pl,pl,unamb,pl,Die Berichterstattung von den Bundestagsdebatten sind bekannt.,german_stimuli.csv,german,1.5067855,-0.09216211963455123,0.04194959278295585,0.13411171241750708,1.4276841,-0.07387923572814543,0.08142653007389526,0.1553057658020407,9,0.93561304,0.01500166766345501,0.027821417897939682,0.012819750234484673,0.0
36,amb_sg_sg,sg,amb,sg,Die Postkarte für die Mutter ist bekannt.,german_stimuli.csv,german,1.402599,-0.08055112179029252,0.06322477172099994,0.14377589351129244,1.4628063,-0.08298383197361033,0.07573219143706014,0.15871602341067045,9,0.9732731,0.025936780497431755,0.036579616367816925,0.01064283587038517,0.0
36,amb_sg_pl,sg,amb,pl,Die Postkarte für die Mutter sind bekannt.,german_stimuli.csv,german,1.448416,-0.04886750536520026,0.07171115725209916,0.12057866261729941,1.3933151,-0.08628751670780048,0.07170326776964202,0.1579907844774425,9,0.8286513,0.017943193204700947,0.024748019874095917,0.00680482666939497,1.0
36,amb_pl_sg,pl,amb,sg,Die Postkarte für die Mütter ist bekannt.,german_stimuli.csv,german,1.4282618,-0.06817969829945554,0.06274284175816688,0.13092254005762244,1.5084021,-0.05976932633241279,0.07597185729498404,0.13574118362739682,9,0.9400526,0.02794200787320733,0.035720810294151306,0.0077788024209439754,1.0
36,amb_pl_pl,pl,amb,pl,Die Postkarte für die Mütter sind bekannt.,german_stimuli.csv,german,1.4639385,-0.055200379111857954,0.06524224184601621,0.12044262095787417,1.4492271,-0.08662769100604535,0.0682696463076961,0.15489733731374145,9,0.84320456,0.021313058212399483,0.027115236967802048,0.005802178755402565,1.0
36,unamb_sg_sg,sg,unamb,sg,Die Postkarte von der Mutter ist bekannt.,german_stimuli.csv,german,1.3906584,-0.06579686455921382,0.06631994777177788,0.1321168123309917,1.4587548,-0.07808478888924707,0.07390362499412607,0.15198841388337314,9,1.028949,0.03336174041032791,0.044470444321632385,0.011108703911304474,1.0
36,unamb_sg_pl,sg,unamb,pl,Die Postkarte von der Mutter sind bekannt.,german_stimuli.csv,german,1.4589577,-0.023977775464376804,0.07744047725765597,0.10141825272203278,1.4082165,-0.07873738004762187,0.07145661791384712,0.15019399796146898,9,0.84708035,0.0221292064525187,0.02943083457648754,0.00730162812396884,1.0
36,unamb_pl_sg,pl,unamb,sg,Die Postkarte von den Müttern ist bekannt.,german_stimuli.csv,german,1.5065691,-0.08168506086821595,0.0610810965155963,0.14276615738381224,1.5078766,-0.06078138641033657,0.076319514485557,0.13710090089589358,9,1.0345516,0.03147364221513271,0.041783303022384644,0.01030966080725193,1.0
36,unamb_pl_pl,pl,unamb,pl,Die Postkarte von den Müttern sind bekannt.,german_stimuli.csv,german,1.573109,-0.062049806705408626,0.06510468366082023,0.12715449036622886,1.4961216,-0.07439839599463922,0.07301440200027245,0.14741279799491167,9,0.8902282,0.02043903898447752,0.029255114495754242,0.008816075511276722,1.0
37,amb_sg_sg,sg,amb,sg,Die Kritik über die Aufführung ist bekannt.,german_stimuli.csv,german,1.2813301,-0.10108483606184678,0.04118394786980275,0.14226878393164952,1.3453438,-0.05702342488778285,0.09782826276520737,0.15485168765299023,9,1.0367105,0.0338058415800333,0.04790011793375015,0.01409427635371685,1.0
37,amb_sg_pl,sg,amb,pl,Die Kritik über die Aufführung sind bekannt.,german_stimuli.csv,german,1.2985958,-0.08955123637933968,0.04424317940720255,0.13379441578654222,1.2858187,-0.0655586434512305,0.08001112812357965,0.14556977157481016,9,0.9722155,0.03608030080795288,0.048251546919345856,0.012171246111392975,1.0
37,amb_pl_sg,pl,amb,sg,Die Kritik über die Aufführungen ist bekannt.,german_stimuli.csv,german,1.2640691,-0.07636394947201035,0.041383071331461616,0.11774702080347196,1.322948,-0.054593762638333196,0.09244999447902018,0.14704375711735337,9,1.0016812,0.030468981713056564,0.04406699165701866,0.013598009943962097,1.0
37,amb_pl_pl,pl,amb,pl,Die Kritik über die Aufführungen sind bekannt.,german_stimuli.csv,german,1.307957,-0.06694142961423608,0.04350120838043836,0.11044263799467444,1.2999424,-0.08447399101751116,0.07230010610474083,0.156774097122252,9,0.9928208,0.039388399571180344,0.05285521596670151,0.013466816395521164,1.0
37,unamb_sg_sg,sg,unamb,sg,Die Kritik an der Aufführung ist bekannt.,german_stimuli.csv,german,1.2650416,-0.09792728016141197,0.04085662982329226,0.13878390998470422,1.3593261,-0.05679179727848025,0.09768519168902783,0.15447698896750808,9,1.0101155,0.02040117233991623,0.035507846623659134,0.015106674283742905,1.0
37,unamb_sg_pl,sg,unamb,pl,Die Kritik an der Aufführung sind bekannt.,german_stimuli.csv,german,1.2979815,-0.07564562240727221,0.04315805468691129,0.11880367709418352,1.2941135,-0.06111273059326141,0.08260880274062128,0.14372153333388268,9,0.9399185,0.022860931232571602,0.03493785113096237,0.01207691989839077,1.0
37,unamb_pl_sg,pl,unamb,sg,Die Kritik an den Aufführungen ist bekannt.,german_stimuli.csv,german,1.2613165,-0.06433710748502955,0.0423701920627861,0.10670729954781563,1.323693,-0.05672689866772028,0.08922172738673059,0.14594862605445086,9,0.9857841,0.02053750865161419,0.03408503904938698,0.013547530397772789,1.0
37,unamb_pl_pl,pl,unamb,pl,Die Kritik an den Aufführungen sind bekannt.,german_stimuli.csv,german,1.2984145,-0.055275078335583136,0.04322316069355754,0.09849823902914068,1.2898982,-0.07854486236146943,0.07547249106892093,0.15401735343039036,9,0.94182706,0.023285579867661,0.03554292023181915,0.012257340364158154,1.0
