Item,Condition,Stimulus,NP_Number,Auxiliary,Full_Sentence,attention_to_2nd_gpt,attention_to_5th_gpt,attention_to_2nd_bert,attention_to_5th_bert,is_syn,surprisal_bert,surprisal_gpt2
1,a,The cake at the senator’s celebration,singular,is,The cake at the senator’s celebration is delicious.,1.4520676328011461e-10,7.354838544415543e-06,0.18204909563064575,0.020422006025910378,yes,29.115815260570052,2.5536422729492188
1,b,The cake at the senator’s celebration,singular,are,The cake at the senator’s celebration are delicious.,6.029217680669774e-10,3.539258614182472e-05,0.1973387598991394,0.005256723612546921,yes,29.115815260570052,6.8883514404296875
1,c,The cake at the senators’ celebration,plural,is,The cake at the senators’ celebration is delicious.,5.4897142387488884e-11,5.400034979174961e-07,0.20702536404132843,0.009875165298581123,yes,29.03497515949729,2.7890701293945312
1,d,The cake at the senators’ celebration,plural,are,The cake at the senators’ celebration are delicious.,1.737449351058018e-10,2.637350462464383e-06,0.18033373355865479,0.13318896293640137,yes,29.03497515949729,5.912452697753906
2,a,The call to the doctor’s secretary,singular,is,The call to the doctor’s secretary is urgent.,8.236044767191697e-13,1.5766092474223115e-05,0.19353564083576202,0.0335393026471138,yes,30.57235146520045,2.86822509765625
2,b,The call to the doctor’s secretary,singular,are,The call to the doctor’s secretary are urgent.,3.3222506776869887e-12,8.050360338529572e-05,0.4018685519695282,0.0020875553600490093,yes,30.57235146520045,6.989471435546875
2,c,The call to the doctors’ secretary,plural,is,The call to the doctors’ secretary is urgent.,1.3258625967960125e-11,5.635664365399862e-06,0.170283243060112,0.02133292146027088,yes,30.579940715617727,3.4385604858398438
2,d,The call to the doctors’ secretary,plural,are,The call to the doctors’ secretary are urgent.,2.7307973590739998e-11,2.860959284589626e-05,0.3683576285839081,0.05357736721634865,yes,30.579940715617727,7.128990173339844
3,a,The computer for the laboratory’s experiment,singular,is,The computer for the laboratory’s experiment is modern.,1.1666324850612142e-10,0.00025452577392570674,0.3802798092365265,0.009546475484967232,yes,30.708407628228624,1.8843231201171875
3,b,The computer for the laboratory’s experiment,singular,are,The computer for the laboratory’s experiment are modern.,4.491240712667377e-10,0.0004459287447389215,0.3196450471878052,0.003448092844337225,yes,30.708407628228624,6.742279052734375
3,c,The computer for the laboratories’ experiment,plural,is,The computer for the laboratories’ experiment is modern.,1.4548252359747327e-11,2.4223436412285082e-05,0.3603522479534149,0.009275666438043118,yes,30.307575231099314,2.4618682861328125
3,d,The computer for the laboratories’ experiment,plural,are,The computer for the laboratories’ experiment are modern.,3.2425749585396346e-11,6.631775613641366e-05,0.25811195373535156,0.18252642452716827,yes,30.307575231099314,6.8129425048828125
4,a,The encounter with the wolf's baby,singular,is,The encounter with the wolf's baby is frightening.,1.8670597012881984e-10,2.5110633941949345e-05,0.17698237299919128,0.005838640499860048,yes,30.139684391465835,3.6660308837890625
4,b,The encounter with the wolf's baby,singular,are,The encounter with the wolf's baby are frightening.,2.888053407534841e-10,8.281921327579767e-05,0.3313770294189453,0.005727773066610098,yes,30.139684391465835,8.849990844726562
4,c,The encounter with the wolves' baby,plural,is,The encounter with the wolves' baby is frightening.,5.5712233437699155e-11,7.91345144079969e-07,0.14144159853458405,0.008408868685364723,yes,29.375965849293582,3.9517822265625
4,d,The encounter with the wolves' baby,plural,are,The encounter with the wolves' baby are frightening.,8.820837810175064e-11,2.9131722385500325e-06,0.17940300703048706,0.34251704812049866,yes,29.375965849293582,7.6607818603515625
5,a,The plan for the school’s upgrade,singular,is,The plan for the school’s upgrade is unrealistic.,4.347201709720139e-08,6.602562052648864e-07,0.16968104243278503,0.01681290939450264,yes,29.5022836666993,1.7303085327148438
5,b,The plan for the school’s upgrade,singular,are,The plan for the school’s upgrade are unrealistic.,2.430785741580621e-07,5.00590658703004e-06,0.23872624337673187,0.008469863794744015,yes,29.5022836666993,6.821952819824219
5,c,The plan for the schools’ upgrade,plural,is,The plan for the schools’ upgrade is unrealistic.,2.1616427758885948e-08,1.7215334935372084e-07,0.16990646719932556,0.009652255102992058,yes,29.29728034687083,2.4931411743164062
5,d,The plan for the schools’ upgrade,plural,are,The plan for the schools’ upgrade are unrealistic.,8.943953133666582e-08,1.5869539993218496e-06,0.20115530490875244,0.1200748085975647,yes,29.29728034687083,6.0202178955078125
6,a,The problem with the family’s account,singular,is,The problem with the family’s account is discussed.,1.3435867973754512e-09,0.00012335451901890337,0.14062239229679108,0.005106697324663401,yes,27.949219791515034,0.6867218017578125
6,b,The problem with the family’s account,singular,are,The problem with the family’s account are discussed.,3.0918532178958458e-09,7.440307672368363e-05,0.1796637326478958,0.05948544666171074,yes,27.949219791515034,6.1883697509765625
6,c,The problem with the families’ account,plural,is,The problem with the families’ account is discussed.,4.702676581480603e-10,6.363644843077054e-06,0.13040578365325928,0.0038838584441691637,yes,27.844646084623204,0.6990432739257812
6,d,The problem with the families’ account,plural,are,The problem with the families’ account are discussed.,9.825051883183278e-10,6.020747605361976e-06,0.09560848772525787,0.2218121439218521,yes,27.844646084623204,5.8209075927734375
7,a,The report to the chairman's advisor,singular,is,The report to the chairman's advisor is shocking.,6.874166236237045e-10,6.806250166846439e-05,0.5611036419868469,0.0048900181427598,yes,28.558401602927997,3.36480712890625
7,b,The report to the chairman's advisor,singular,are,The report to the chairman's advisor are shocking.,1.6207105657528587e-09,0.0002576719271019101,0.3193320631980896,0.002187700942158699,yes,28.558401602927997,8.535125732421875
7,c,The report to the chairmans' advisor,plural,is,The report to the chairmen' advisor is shocking.,3.525412600735578e-11,5.5024912626322475e-08,0.5451788902282715,0.0029847819823771715,yes,28.35910260366335,3.3141937255859375
7,d,The report to the chairmans' advisor,plural,are,The report to the chairmen' advisor are shocking.,5.48976974990012e-11,2.535222733968112e-07,0.31006765365600586,0.008257085457444191,yes,28.35910260366335,7.300575256347656
8,a,The telegram for the congressman's lobbyist,singular,is,The telegram for the congressman's lobbyist is never received.,7.700931038689962e-12,4.499500573729165e-05,0.08152205497026443,0.00971636176109314,yes,28.440407745824043,3.4163589477539062
8,b,The telegram for the congressman's lobbyist,singular,are,The telegram for the congressman's lobbyist are never received.,6.74622788188195e-11,9.136538574239239e-05,0.12519471347332,0.0024399978574365377,yes,28.440407745824043,7.3765716552734375
8,c,The telegram for the congressmans' lobbyist,plural,is,The telegram for the congressmans' lobbyist is never received.,9.460025129784735e-14,1.6708044947577605e-09,0.07516194880008698,0.0029945389833301306,yes,28.219661822066197,3.1086044311523438
8,d,The telegram for the congressmans' lobbyist,plural,are,The telegram for the congressmans' lobbyist are never received.,9.436539006799083e-13,3.579343710313765e-09,0.11252085864543915,0.01654711551964283,yes,28.219661822066197,6.765602111816406
9,a,The announcement from the magazine’s spokeswoman,singular,is,The announcement from the magazine’s spokeswoman is astonishing.,9.99087834685497e-09,7.694029591220897e-06,0.19456908106803894,0.008280863985419273,yes,29.903842518545854,3.5776214599609375
9,b,The announcement from the magazine’s spokeswoman,singular,are,The announcement from the magazine’s spokeswoman are astonishing.,2.5319645047261474e-08,3.8607024180237204e-05,0.11767253279685974,0.002405452076345682,yes,29.903842518545854,8.059761047363281
9,c,The announcement from the magazines’ spokeswoman,plural,is,The announcement from the magazines’ spokeswoman is astonishing.,1.0278982109923618e-09,2.231604696589784e-07,0.17207852005958557,0.007724516559392214,yes,29.490825494568217,4.9374542236328125
9,d,The announcement from the magazines’ spokeswoman,plural,are,The announcement from the magazines’ spokeswoman are astonishing.,2.7677236058565313e-09,1.139778646574996e-06,0.0940059944987297,0.014692670665681362,yes,29.490825494568217,7.966102600097656
10,a,The large dog at the toddler’s party,singular,is,The large dog at the toddler’s party is adorable.,5.913680958753086e-17,2.5482005394650287e-10,0.13230644166469574,0.11396096646785736,yes,27.668114836610375,2.4967422485351562
10,b,The large dog at the toddler’s party,singular,are,The large dog at the toddler’s party are adorable.,1.5039469672172088e-16,1.5675839515338907e-09,0.25136321783065796,0.08832666277885437,yes,27.668114836610375,6.0305328369140625
10,c,The large dog at the toddlers’ party,plural,is,The large dog at the toddlers’ party is adorable.,6.833151270301512e-18,1.8817766789247514e-10,0.12285894900560379,0.10812559723854065,yes,27.83915364668525,2.532989501953125
10,d,The large dog at the toddlers’ party,plural,are,The large dog at the toddlers’ party are adorable.,9.200621592767082e-18,7.857771655572776e-10,0.20866718888282776,0.0883607268333435,yes,27.83915364668525,5.470855712890625
11,a,The letter to the housewife’s representative,singular,is,The letter to the housewife’s representative is hostile.,3.94028950093106e-12,1.8588913519579364e-08,0.4984447658061981,0.002376061864197254,yes,28.038939700817142,3.3441238403320312
11,b,The letter to the housewife’s representative,singular,are,The letter to the housewife’s representative are hostile.,4.48069706338039e-11,2.8933406781561644e-08,0.2638249695301056,0.0031955945305526257,yes,28.038939700817142,7.857383728027344
11,c,The letter to the housewives’ representative,plural,is,The letter to the housewives’ representative is hostile.,6.295626780311592e-12,1.6906390953863593e-08,0.4577362537384033,0.0032924634870141745,yes,28.98010581456602,4.460365295410156
11,d,The letter to the housewives’ representative,plural,are,The letter to the housewives’ representative are hostile.,2.4219392116830996e-11,1.3628171480206674e-08,0.34950605034828186,0.005317478906363249,yes,28.98010581456602,6.7192535400390625
12,a,The message for the wizard’s apprentice,singular,is,The message for the wizard’s apprentice is puzzling.,7.811193640690217e-13,4.1030969441635534e-05,0.0794476866722107,0.010831805877387524,yes,28.5515250486159,1.6583099365234375
12,b,The message for the wizard’s apprentice,singular,are,The message for the wizard’s apprentice are puzzling.,3.9177406978285756e-12,3.296611612313427e-05,0.03685057535767555,0.002515832893550396,yes,28.5515250486159,6.263710021972656
12,c,The message for the wizards’ apprentice,plural,is,The message for the wizards’ apprentice is puzzling.,8.374835113594825e-13,5.158532076166011e-06,0.08692026138305664,0.007195137441158295,yes,28.47184342267935,3.9428939819335938
12,d,The message for the wizards’ apprentice,plural,are,The message for the wizards’ apprentice are puzzling.,2.443855447870069e-12,5.797151061415207e-06,0.034365564584732056,0.0770266130566597,yes,28.47184342267935,6.371955871582031
13,a,The outfit for the saleslady’s display,singular,is,The outfit for the saleslady’s display is attractive.,6.998972235106038e-11,0.9999643564224243,0.3055078685283661,0.18338672816753387,yes,29.171777039299602,1.9034881591796875
13,b,The outfit for the saleslady’s display,singular,are,The outfit for the saleslady’s display are attractive.,3.1425714808186456e-10,0.999929666519165,0.37992769479751587,0.07505583018064499,yes,29.171777039299602,6.1958770751953125
13,c,The outfit for the salesladies’ display,plural,is,The outfit for the salesladies’ display is attractive.,2.50824500058755e-11,0.9999779462814331,0.3521502614021301,0.15618903934955597,yes,29.335554053924444,3.0796585083007812
13,d,The outfit for the salesladies’ display,plural,are,The outfit for the salesladies’ display are attractive.,7.179688094050007e-11,0.999936580657959,0.2027370035648346,0.06511659920215607,yes,29.335554053924444,5.657630920410156
14,a,The position in the woman's newsletter,singular,is,The position in the woman's newsletter is unpopular.,5.789569171299469e-11,6.953675324439246e-07,0.25593358278274536,0.053107816725969315,yes,29.45195191202839,1.935546875
14,b,The position in the woman's newsletter,singular,are,The position in the woman's newsletter are unpopular.,2.0358960350908006e-10,2.184316599596059e-06,0.2382613569498062,0.029498985037207603,yes,29.45195191202839,7.732612609863281
14,c,The position in the women's newsletter,plural,is,The position in the women's newsletter is unpopular.,1.8672499657590436e-10,4.331440806026876e-08,0.21499302983283997,0.0412130206823349,yes,29.436462466561085,1.6510009765625
14,d,The position in the women's newsletter,plural,are,The position in the women's newsletter are unpopular.,4.32140101480627e-10,1.4234788636713347e-07,0.17419567704200745,0.24263013899326324,yes,29.436462466561085,7.037178039550781
15,a,The promise from the company’s salesman,singular,is,The promise from the company’s salesman is broken.,3.054640221322735e-11,1.7335674783680588e-05,0.06012236326932907,0.01162439864128828,yes,24.78540768418591,2.0274658203125
15,b,The promise from the company’s salesman,singular,are,The promise from the company’s salesman are broken.,7.22116116902427e-11,4.510449434746988e-05,0.034809213131666183,0.0034286959562450647,yes,24.78540768418591,7.195579528808594
15,c,The promise from the companies’ salesman,plural,is,The promise from the companies’ salesman is broken.,2.3047756411709308e-11,1.5548970395684591e-06,0.043489664793014526,0.017113544046878815,yes,24.810629971830846,2.7157211303710938
15,d,The promise from the companies’ salesman,plural,are,The promise from the companies’ salesman are broken.,3.879126880823591e-11,3.15351462631952e-06,0.019766798242926598,0.017288347706198692,yes,24.810629971830846,6.08489990234375
16,a,The speech about the councilman's proposal,singular,is,The speech about the councilman's proposal is convincing.,4.473312553709974e-10,2.0434811176528456e-07,0.3017514944076538,0.022713378071784973,yes,30.31587442589935,3.0001449584960938
16,b,The speech about the councilman's proposal,singular,are,The speech about the councilman's proposal are convincing.,1.1307909053570597e-09,2.934559688583249e-07,0.17028674483299255,0.038794975727796555,yes,30.31587442589935,8.091712951660156
16,c,The speech about the councilmans' proposal,plural,is,The speech about the councilmans' proposal is convincing.,4.154511457077348e-11,1.943283756133951e-08,0.29897984862327576,0.010421293787658215,yes,30.633904743874854,2.84368896484375
16,d,The speech about the councilmans' proposal,plural,are,The speech about the councilmans' proposal are convincing.,1.4248151269935505e-10,3.3594965032079926e-08,0.14704127609729767,0.013255635276436806,yes,30.633904743874854,7.533241271972656
17,a,The confession of the thief's accomplice,singular,is,The confession of the thief's accomplice is tape recorded.,6.431971621978505e-11,1.2273363608983345e-05,0.31286025047302246,0.007685075048357248,yes,26.40884135665841,2.4168548583984375
17,b,The confession of the thief's accomplice,singular,are,The confession of the thief's accomplice are tape recorded.,2.6739435665668054e-10,2.559563290560618e-05,0.3919788599014282,0.0027481787838041782,yes,26.40884135665841,7.6051177978515625
17,c,The confession of the thieves' accomplice,plural,is,The confession of the thieves' accomplice is tape recorded.,4.424224875343441e-11,1.4563198647010722e-06,0.2841411232948303,0.008408931083977222,yes,25.726119763736506,2.4943771362304688
17,d,The confession of the thieves' accomplice,plural,are,The confession of the thieves' accomplice are tape recorded.,1.3721154767942778e-10,2.877678753065993e-06,0.30891454219818115,0.02708311937749386,yes,25.726119763736506,7.7825469970703125
18,a,The disagreement about the corporation's lawsuit,singular,is,The disagreement about the corporation's lawsuit is petty.,2.5742359355263034e-09,1.1043706763302907e-05,0.2958662509918213,0.008613837882876396,yes,29.35274956728831,2.2755203247070312
18,b,The disagreement about the corporation's lawsuit,singular,are,The disagreement about the corporation's lawsuit are petty.,3.2709679409492765e-09,1.3052908798272256e-05,0.4544062316417694,0.004740727599710226,yes,29.35274956728831,7.315826416015625
18,c,The disagreement about the corporations' lawsuit,plural,is,The disagreement about the corporations' lawsuit is petty.,7.402354285090951e-10,2.7846979833157093e-07,0.31137615442276,0.005205268040299416,yes,30.090246946579413,2.1661224365234375
18,d,The disagreement about the corporations' lawsuit,plural,are,The disagreement about the corporations' lawsuit are petty.,7.702526394481879e-10,2.917312258432503e-07,0.4502303898334503,0.011288417503237724,yes,30.090246946579413,6.729438781738281
19,a,The dress at the designer's showcase,singular,is,The dress at the designer's showcase is expensive.,2.3156916384436954e-09,5.7896802900359035e-05,0.3637932538986206,0.030779685825109482,yes,31.307636459670857,2.327484130859375
19,b,The dress at the designer's showcase,singular,are,The dress at the designer's showcase are expensive.,6.600132884670984e-09,0.00024510244838893414,0.25562214851379395,0.02130209282040596,yes,31.307636459670857,7.1201629638671875
19,c,The dress at the designers' showcase,plural,is,The dress at the designers' showcase is expensive.,9.431349035082803e-10,2.2792863092035986e-05,0.39205920696258545,0.02361050806939602,yes,31.608996843263533,2.2814407348632812
19,d,The dress at the designers' showcase,plural,are,The dress at the designers' showcase are expensive.,1.7847687772132304e-09,0.00011832336167572066,0.2390986829996109,0.1729956716299057,yes,31.608996843263533,6.7883148193359375
20,a,The hex from the fairy's spellbook,singular,is,The hex from the fairy's spellbook is ineffective.,6.121513991949525e-16,1.788043324513211e-11,0.054717037826776505,0.05056006461381912,yes,27.830009673104176,1.9306793212890625
20,b,The hex from the fairy's spellbook,singular,are,The hex from the fairy's spellbook are ineffective.,1.004538554389648e-14,1.0096963543038129e-10,0.12045686691999435,0.017267901450395584,yes,27.830009673104176,6.7558441162109375
20,c,The hex from the fairys' spellbook,plural,is,The hex from the fairys' spellbook is ineffective.,4.5928449123288213e-17,3.17163165000666e-15,0.058400873094797134,0.011079909279942513,yes,27.98984622123245,2.059112548828125
20,d,The hex from the fairys' spellbook,plural,are,The hex from the fairys' spellbook are ineffective.,7.418836006711316e-16,3.6473231932506595e-14,0.11104555428028107,0.03740747645497322,yes,27.98984622123245,6.277557373046875
21,a,The job for the cleaning lady's helper,singular,is,The job for the cleaning lady's helper is tiring.,6.534854952902191e-16,1.9322230447593736e-12,0.06382834166288376,0.018325015902519226,yes,28.406019470818723,1.1721343994140625
21,b,The job for the cleaning lady's helper,singular,are,The job for the cleaning lady's helper are tiring.,1.7953617176377952e-15,1.072879307097152e-12,0.08758483827114105,0.012908423319458961,yes,28.406019470818723,6.967994689941406
21,c,The job for the cleaningladies' helper,plural,is,The job for the cleaningladies' helper is tiring.,2.9008504633625106e-15,2.104678410719263e-12,0.05594886094331741,0.014652015641331673,yes,28.23474951606109,1.0792236328125
21,d,The job for the cleaningladies' helper,plural,are,The job for the cleaningladies' helper are tiring.,5.262194725916183e-15,1.5583817873296435e-12,0.059188101440668106,0.009029556065797806,yes,28.23474951606109,6.129600524902344
22,a,The restaurant near the fisherman's dock,singular,is,The restaurant near the fisherman's dock is closed down.,1.0655876181431267e-09,4.04922102461569e-05,0.19369328022003174,0.015462420880794525,yes,24.24515101579393,2.2341232299804688
22,b,The restaurant near the fisherman's dock,singular,are,The restaurant near the fisherman's dock are closed down.,4.0961696257113545e-09,0.00016676017548888922,0.059438660740852356,0.0072767469100654125,yes,24.24515101579393,7.4599761962890625
22,c,The restaurant near the fishermans' dock,plural,is,The restaurant near the fishermans' dock is closed down.,1.4646521495631504e-10,6.393855755959521e-08,0.2000378668308258,0.011138154193758965,yes,24.21158000234551,2.3120346069335938
22,d,The restaurant near the fishermans' dock,plural,are,The restaurant near the fishermans' dock are closed down.,6.872358793152955e-10,1.514284946324551e-07,0.0633050724864006,0.013556839898228645,yes,24.21158000234551,6.7456207275390625
23,a,The uniform containing the policeman's key,singular,is,The uniform containing the policeman's key is missing.,1.972668035865599e-11,7.717124503869854e-07,0.04543885961174965,0.03384288400411606,yes,27.02303955803174,2.0509719848632812
23,b,The uniform containing the policeman's key,singular,are,The uniform containing the policeman's key are missing.,3.636489373515239e-11,1.6014859056667774e-06,0.10720071196556091,0.018395017832517624,yes,27.02303955803174,7.149131774902344
23,c,The uniform containing the policemans' key,plural,is,The uniform containing the policemans' key is missing.,3.623821891434592e-13,5.908467617075919e-13,0.045235563069581985,0.013486786745488644,yes,27.239198360525773,2.700714111328125
23,d,The uniform containing the policemans' key,plural,are,The uniform containing the policemans' key are missing.,1.4057458539232237e-12,7.905925805511138e-13,0.08235660195350647,0.11151368170976639,yes,27.239198360525773,4.5558013916015625
24,a,The visit with the student's teacher,singular,is,The visit with the student's teacher is informative.,1.2220123350725753e-11,1.32665918499697e-05,0.33033615350723267,0.02032192051410675,yes,29.420436435223085,2.8732147216796875
24,b,The visit with the student's teacher,singular,are,The visit with the student's teacher are informative.,2.2635657237479734e-10,8.395667100558057e-05,0.18023823201656342,0.014845268800854683,yes,29.420436435223085,7.914482116699219
24,c,The visit with the students' teacher,plural,is,The visit with the students' teacher is informative.,2.028082042582202e-11,1.1979444934695493e-05,0.3703155815601349,0.010539594106376171,yes,29.716340153269186,3.0566558837890625
24,d,The visit with the students' teacher,plural,are,The visit with the students' teacher are informative.,2.858797087945675e-10,8.856065687723458e-05,0.2595732808113098,0.07114531844854355,yes,29.716340153269186,8.130203247070312
25,a,The antique trunk for the child's toy,singular,is,The antique trunk for the child's toy is large.,5.946484624153037e-13,4.8390620399629825e-09,0.15080799162387848,0.11482160538434982,yes,28.237834196886965,2.2441635131835938
25,b,The antique trunk for the child's toy,singular,are,The antique trunk for the child's toy are large.,1.0155288068802726e-12,2.1590551568806404e-08,0.2427980899810791,0.22610537707805634,yes,28.237834196886965,6.601005554199219
25,c,The antique trunk for the children's toy,plural,is,The antique trunk for the children's toy is large.,1.0704397437888424e-12,8.248117744358296e-09,0.15431953966617584,0.13876423239707947,yes,27.85664909779222,2.9160842895507812
25,d,The antique trunk for the children's toy,plural,are,The antique trunk for the children's toy are large.,1.3880967772786357e-12,2.8048885880593843e-08,0.2246377170085907,0.18202580511569977,yes,27.85664909779222,6.3376617431640625
26,a,The car with the policeman's insignia,singular,is,The car with the policeman's insignia is new.,1.5152728247494474e-12,3.6894686417099365e-08,0.07276265323162079,0.017379209399223328,yes,27.502783098821734,2.7763519287109375
26,b,The car with the policeman's insignia,singular,are,The car with the policeman's insignia are new.,5.776198529899856e-12,1.0689812768305273e-07,0.052590858191251755,0.031221903860569,yes,27.502783098821734,7.845039367675781
26,c,The car with the policemans' insignia,plural,is,The car with the policemans' insignia is new.,2.737192390063134e-14,2.1175240922689798e-14,0.06478904187679291,0.007480733096599579,yes,27.592274615163497,2.8952178955078125
26,d,The car with the policemans' insignia,plural,are,The car with the policemans' insignia are new.,6.03939776877907e-14,4.84428442455373e-14,0.03805521875619888,0.07391802221536636,yes,27.592274615163497,7.266815185546875
27,a,The invasion of the enemy's bunker,singular,is,The invasion of the enemy's bunker is merciless.,4.995481250880118e-10,8.832209346110176e-07,0.377559632062912,0.04153686761856079,yes,27.24535946701028,2.5369033813476562
27,b,The invasion of the enemy's bunker,singular,are,The invasion of the enemy's bunker are merciless.,2.570560875270189e-09,3.346352741573355e-06,0.2996811270713806,0.1275593638420105,yes,27.24535946701028,8.059455871582031
27,c,The invasion of the enemies' bunker,plural,is,The invasion of the enemies' bunker is merciless.,1.387324560786496e-10,8.425401887279804e-08,0.4369344413280487,0.03653160110116005,yes,27.892019737699272,2.4976425170898438
27,d,The invasion of the enemies' bunker,plural,are,The invasion of the enemies' bunker are merciless.,8.686255603684856e-10,4.1248227944379323e-07,0.38675469160079956,0.23674297332763672,yes,27.892019737699272,7.989509582519531
28,a,The memo from the supervisor's lawyer,singular,is,The memo from the supervisor's lawyer is harsh.,4.080170368236935e-10,7.251101487781852e-05,0.4517706632614136,0.01857013814151287,yes,28.325405010983893,4.025489807128906
28,b,The memo from the supervisor's lawyer,singular,are,The memo from the supervisor's lawyer are harsh.,2.8834601373262103e-09,0.00013347108324524015,0.6553957462310791,0.005782068241387606,yes,28.325405010983893,9.948493957519531
28,c,The memo from the supervisors' lawyer,plural,is,The memo from the supervisors' lawyer is harsh.,4.0482991958690207e-10,4.451155746210134e-06,0.3985567092895508,0.01837901398539543,yes,28.81012641762046,4.11676025390625
28,d,The memo from the supervisors' lawyer,plural,are,The memo from the supervisors' lawyer are harsh.,2.207127147713095e-09,8.393551979679614e-06,0.5600792169570923,0.05334240198135376,yes,28.81012641762046,9.705055236816406
29,a,The picnic with the baby's caretaker,singular,is,The picnic with the baby's caretaker is enjoyable.,2.1740896301129797e-14,6.629204997443683e-12,0.19322146475315094,0.017091479152441025,yes,31.141195777749452,2.4399032592773438
29,b,The picnic with the baby's caretaker,singular,are,The picnic with the baby's caretaker are enjoyable.,6.966246291839964e-14,1.0188152405055106e-11,0.07196201384067535,0.004329741466790438,yes,31.141195777749452,6.363945007324219
29,c,The picnic with the babies' caretaker,plural,is,The picnic with the babies' caretaker is enjoyable.,2.367506427244947e-15,9.878766207838119e-12,0.1773717701435089,0.010707865469157696,yes,30.68505100838025,2.7269134521484375
29,d,The picnic with the babies' caretaker,plural,are,The picnic with the babies' caretaker are enjoyable.,1.1533250584758441e-14,2.453721774375861e-11,0.06418100744485855,0.04892004281282425,yes,30.68505100838025,6.325531005859375
30,a,The tiny fountain in the elf's garden,singular,is,The tiny fountain in the elf's garden is amusing.,8.218542046828966e-16,5.493933308287069e-09,0.1567530632019043,0.21687264740467072,yes,27.824745628126568,1.4796371459960938
30,b,The tiny fountain in the elf's garden,singular,are,The tiny fountain in the elf's garden are amusing.,4.65428256780356e-15,6.066484559141827e-08,0.15384802222251892,0.1890435367822647,yes,27.824745628126568,6.891387939453125
30,c,The tiny fountain in the elves' garden,plural,is,The tiny fountain in the elves' garden is amusing.,1.9022897540008592e-16,6.218384029921253e-09,0.17999181151390076,0.21973156929016113,yes,27.948988646832273,1.4203643798828125
30,d,The tiny fountain in the elves' garden,plural,are,The tiny fountain in the elves' garden are amusing.,5.350606542642929e-16,4.3216804357371075e-08,0.1334061324596405,0.13632148504257202,yes,27.948988646832273,6.2616729736328125
31,a,The truck with the fireman's hose,singular,is,The truck with the fireman's hose is leaving.,7.370429266906342e-11,4.164106712778448e-07,0.14914001524448395,0.015718810260295868,yes,26.517427074829566,3.1317062377929688
31,b,The truck with the fireman's hose,singular,are,The truck with the fireman's hose are leaving.,1.8578784344303045e-10,8.527935619895288e-07,0.09924237430095673,0.041588764637708664,yes,26.517427074829566,8.311965942382812
31,c,The truck with the firemans' hose,plural,is,The truck with the firemans' hose is leaving.,3.6637092665214865e-11,2.797791580633202e-07,0.169040709733963,0.008896616287529469,yes,26.387256846044522,3.061981201171875
31,d,The truck with the firemans' hose,plural,are,The truck with the firemans' hose are leaving.,6.719175910108177e-11,4.967463382854476e-07,0.09979569911956787,0.02269791252911091,yes,26.387256846044522,7.516151428222656
32,a,The response to the country's attack,singular,is,The response to the country's attack is immediate.,1.2186785802725808e-08,3.949294750782428e-06,0.1900150328874588,0.01785668358206749,yes,32.326632290171794,3.0347824096679688
32,b,The response to the country's attack,singular,are,The response to the country's attack are immediate.,2.4894553973808797e-08,1.2179106306575704e-05,0.7261471152305603,0.0019318168051540852,yes,32.326632290171794,8.680503845214844
32,c,The response to the countries' attack,plural,is,The response to the countries' attack is immediate.,3.120982361437541e-09,2.4254575237137033e-07,0.1916801780462265,0.032075654715299606,yes,31.766359592941797,2.5827255249023438
32,d,The response to the countries' attack,plural,are,The response to the countries' attack are immediate.,5.846663597708357e-09,7.270464266184717e-07,0.6026873588562012,0.07577424496412277,yes,31.766359592941797,7.5873565673828125
1,a,The slogan on the poster,singular,is,The slogan on the poster is designed to get attention.,2.417450843950064e-07,0.9999980926513672,0.28018730878829956,0.05691070854663849,no,30.69151755605269,1.3978958129882812
1,b,The slogan on the posters,plural,is,The slogan on the posters is designed to get attention.,7.093639169397647e-07,0.9999887943267822,0.33709752559661865,0.014280308969318867,no,29.83837629059902,1.2863922119140625
1,c,The slogan on the poster,singular,are,The slogan on the poster are designed to get attention.,3.5256246633252886e-07,0.9999979734420776,0.24838298559188843,0.1177203431725502,no,30.69151755605269,7.2714691162109375
1,d,The slogan on the posters,plural,are,The slogan on the posters are designed to get attention.,6.073408371776168e-07,0.9999912977218628,0.16067391633987427,0.4636089503765106,no,29.83837629059902,4.627662658691406
2,a,The picture on the flier,singular,is,The picture on the flier is of a village church in the south of France.,6.981643596581932e-10,6.981643596581932e-10,0.4573170244693756,0.4573170244693756,no,26.39266673231006,2.0425338745117188
2,b,The picture on the fliers,plural,is,The picture on the fliers is of a village church in the south of France.,4.70609162750435e-10,4.70609162750435e-10,0.4076635241508484,0.4076635241508484,no,26.877184511488007,1.7522048950195312
2,c,The picture on the flier,singular,are,The picture on the flier are of a village church in the south of France.,3.399334591591696e-09,3.399334591591696e-09,0.34809303283691406,0.34809303283691406,no,26.39266673231006,7.819770812988281
2,d,The picture on the fliers,plural,are,The picture on the fliers are of a village church in the south of France.,1.8227188647301773e-09,1.8227188647301773e-09,0.09870479255914688,0.09870479255914688,no,26.877184511488007,5.38409423828125
3,a,The mistake in the program,singular,is,The mistake in the program is disastrous for the small software company.,8.105754289999823e-09,0.999994158744812,0.05314261466264725,0.05498974025249481,no,28.533754425267546,1.2416458129882812
3,b,The mistake in the programs,plural,is,The mistake in the programs is disastrous for the small software company.,4.21566381803018e-09,0.9999459981918335,0.04040165990591049,0.026320140808820724,no,28.595745227805747,1.4372329711914062
3,c,The mistake in the program,singular,are,The mistake in the program are disastrous for the small software company.,9.286860169765987e-09,0.9999978542327881,0.11640717089176178,0.029656223952770233,no,28.533754425267546,7.419868469238281
3,d,The mistake in the programs,plural,are,The mistake in the programs are disastrous for the small software company.,3.3615323857816293e-09,0.9999629259109497,0.02992449887096882,0.3891095519065857,no,28.595745227805747,4.8409881591796875
4,a,The label on the container,singular,is,The label on the container is a warning about the hazardous chemicals inside.,1.9709236198650615e-07,0.9999932050704956,0.44102755188941956,0.012007639743387699,no,25.122851403790808,1.5871658325195312
4,b,The label on the containers,plural,is,The label on the containers is a warning about the hazardous chemicals inside.,6.178679967661083e-08,0.9999855756759644,0.43277251720428467,0.010247635655105114,no,25.1212554047908,1.4463882446289062
4,c,The label on the container,singular,are,The label on the container are a warning about the hazardous chemicals inside.,1.2002850553471944e-06,0.9999868869781494,0.31304696202278137,0.006376826204359531,no,25.122851403790808,7.943565368652344
4,d,The label on the containers,plural,are,The label on the containers are a warning about the hazardous chemicals inside.,2.920387771609967e-07,0.999958872795105,0.33825448155403137,0.12298830598592758,no,25.1212554047908,3.9883804321289062
5,a,The problem in the store,singular,is,The problem in the store is solved by firing the custodian.,2.2586633008359058e-08,0.999994158744812,0.025588763877749443,0.013854196295142174,no,27.635570215622305,0.9040145874023438
5,b,The problem in the stores,plural,is,The problem in the stores is solved by firing the custodian.,1.5329423064258663e-08,0.9999812841415405,0.02717232145369053,0.008139717392623425,no,27.147744866102965,0.7165985107421875
5,c,The problem in the store,singular,are,The problem in the store are solved by firing the custodian.,7.17536252636819e-08,0.9999942779541016,0.066077321767807,0.010050937533378601,no,27.635570215622305,5.379463195800781
5,d,The problem in the stores,plural,are,The problem in the stores are solved by firing the custodian.,4.6623855887162335e-09,0.999984860420227,0.013701099902391434,0.2898719310760498,no,27.147744866102965,4.39581298828125
6,a,The name on the billboard,singular,is,The name on the billboard is of a prominent local businessman.,1.3842153201437668e-08,0.9999974966049194,0.3142843246459961,0.11971279978752136,no,28.128059734633045,1.23345947265625
6,b,The name on the billboards,plural,is,The name on the billboards is of a prominent local businessman.,1.1246930142760903e-07,0.9999885559082031,0.29192695021629333,0.09247923642396927,no,27.91840875564766,1.2235870361328125
6,c,The name on the billboard,singular,are,The name on the billboard are of a prominent local businessman.,2.1348713019619936e-08,0.9999990463256836,0.6501248478889465,0.030422000214457512,no,28.128059734633045,7.687324523925781
6,d,The name on the billboards,plural,are,The name on the billboards are of a prominent local businessman.,6.551530162823838e-08,0.9999915361404419,0.16056852042675018,0.5845577120780945,no,27.91840875564766,5.427467346191406
7,a,The crime in the suburb,singular,is,The crime in the suburb is a reflection of the violence in today's society.,7.620543840403116e-08,0.9999908208847046,0.13933949172496796,0.08702352643013,no,29.28925907603459,2.6499061584472656
7,b,The crime in the suburbs,plural,is,The crime in the suburbs is a reflection of the violence in today's society.,1.898063857197485e-07,0.9999897480010986,0.1805228590965271,0.025901421904563904,no,28.689468893219942,1.3484725952148438
7,c,The crime in the suburb,singular,are,The crime in the suburb are a reflection of the violence in today's society.,6.217890131665627e-07,0.9999767541885376,0.163713276386261,0.03412056341767311,no,29.28925907603459,8.461639404296875
7,d,The crime in the suburbs,plural,are,The crime in the suburbs are a reflection of the violence in today's society.,1.0716352250028649e-07,0.9999849796295166,0.1230284571647644,0.14834032952785492,no,28.689468893219942,6.137733459472656
8,a,The defect in the appliance,singular,is,The defect in the appliance is unknown to consumers and government regulators.,1.7253141777473502e-06,0.9999734163284302,0.17558635771274567,0.007420324254781008,no,27.93013109313047,2.022796630859375
8,b,The defect in the appliances,plural,is,The defect in the appliances is unknown to consumers and government regulators.,4.947987690684386e-07,0.9999626874923706,0.17619232833385468,0.03810972347855568,no,28.263331656773282,1.8017501831054688
8,c,The defect in the appliance,singular,are,The defect in the appliance are unknown to consumers and government regulators.,3.3672597510303603e-06,0.9999748468399048,0.3190564811229706,0.0069209071807563305,no,27.93013109313047,6.816749572753906
8,d,The defect in the appliances,plural,are,The defect in the appliances are unknown to consumers and government regulators.,6.680139108539151e-07,0.99994957447052,0.12548930943012238,0.5216829776763916,no,28.263331656773282,5.094841003417969
9,a,The citation on the notecard,singular,is,The citation on the notecard is quite difficult to track down using the library's limited resources.,7.1568384898967885e-12,7.1568384898967885e-12,0.47107231616973877,0.47107231616973877,no,28.376900744235837,2.11083984375
9,b,The citation on the notecards,plural,is,The citation on the notecards is quite difficult to track down using the library's limited resources.,1.5098229610988056e-10,1.5098229610988056e-10,0.4643386900424957,0.4643386900424957,no,28.66745236218709,2.1464996337890625
9,c,The citation on the notecard,singular,are,The citation on the notecard are quite difficult to track down using the library's limited resources.,2.629215768712445e-11,2.629215768712445e-11,0.3839704096317291,0.3839704096317291,no,28.376900744235837,7.873039245605469
9,d,The citation on the notecards,plural,are,The citation on the notecards are quite difficult to track down using the library's limited resources.,1.7656351380956892e-10,1.7656351380956892e-10,0.3688235878944397,0.3688235878944397,no,28.66745236218709,5.25982666015625
10,a,The advertisement on the skyscraper,singular,is,The advertisement on the skyscraper is hard to read except from a long distance away.,1.4444235807431482e-09,1.4444235807431482e-09,0.2723730802536011,0.1465468555688858,no,29.032570154107624,2.9221343994140625
10,b,The advertisement on the skyscrapers,plural,is,The advertisement on the skyscrapers is hard to read except from a long distance away.,8.166665954600916e-11,8.166665954600916e-11,0.2748735547065735,0.01356182899326086,no,28.32734772700804,2.2593765258789062
10,c,The advertisement on the skyscraper,singular,are,The advertisement on the skyscraper are hard to read except from a long distance away.,7.1815859925550285e-09,7.1815859925550285e-09,0.1991170048713684,0.06335940212011337,no,29.032570154107624,7.781745910644531
10,d,The advertisement on the skyscrapers,plural,are,The advertisement on the skyscrapers are hard to read except from a long distance away.,2.63145033541079e-10,2.63145033541079e-10,0.1965484619140625,0.24605102837085724,no,28.32734772700804,5.43365478515625
11,a,The traitor in the camp,singular,is,The traitor in the camp is passing information to the enemy through various secret methods.,1.1507720643066932e-07,0.9999985694885254,0.24041099846363068,0.03673069551587105,no,23.465959538488853,2.2704315185546875
11,b,The traitor in the camps,plural,is,The traitor in the camps is passing information to the enemy through various secret methods.,3.6617429088892095e-08,0.9999945163726807,0.24788308143615723,0.00900054257363081,no,22.831635239380955,2.4554443359375
11,c,The traitor in the camp,singular,are,The traitor in the camp are passing information to the enemy through various secret methods.,8.843393572988134e-08,0.9999967813491821,0.18147502839565277,0.022153234109282494,no,23.465959538488853,6.795166015625
11,d,The traitor in the camps,plural,are,The traitor in the camps are passing information to the enemy through various secret methods.,1.05210737899597e-08,0.9999912977218628,0.2604500651359558,0.05618717521429062,no,22.831635239380955,5.58209228515625
12,a,The flaw in the argument,singular,is,The flaw in the argument is clear to everyone in the lecture hall after just five minutes.,7.545268090325408e-07,0.9999719858169556,0.01797477900981903,0.0440545380115509,no,31.443343153952476,0.9442977905273438
12,b,The flaw in the arguments,plural,is,The flaw in the arguments is clear to everyone in the lecture hall after just five minutes.,6.75186356602353e-07,0.9998623132705688,0.028941377997398376,0.022330518811941147,no,30.56948692216768,1.6508941650390625
12,c,The flaw in the argument,singular,are,The flaw in the argument are clear to everyone in the lecture hall after just five minutes.,3.9651712313570897e-07,0.9999948740005493,0.1577477604150772,0.02234938181936741,no,31.443343153952476,6.718559265136719
12,d,The flaw in the arguments,plural,are,The flaw in the arguments are clear to everyone in the lecture hall after just five minutes.,5.842813948220282e-07,0.9999344348907471,0.022451238706707954,0.23942016065120697,no,30.56948692216768,5.2188720703125
13,a,The door to the laboratory,singular,is,The door to the laboratory is left unlocked by the cleaning service.,3.5352936578192384e-08,0.9999983310699463,0.061486344784498215,0.025061780586838722,no,27.935551986285663,1.6426467895507812
13,b,The door to the laboratories,plural,is,The door to the laboratories is left unlocked by the cleaning service.,6.6917258401133495e-09,0.9999746084213257,0.06095873937010765,0.00850196648389101,no,27.458488623126716,1.5913543701171875
13,c,The door to the laboratory,singular,are,The door to the laboratory are left unlocked by the cleaning service.,7.299759374745918e-08,0.9999990463256836,0.25734153389930725,0.015489138662815094,no,27.935551986285663,7.735298156738281
13,d,The door to the laboratories,plural,are,The door to the laboratories are left unlocked by the cleaning service.,8.857604427703336e-09,0.9999836683273315,0.07340541481971741,0.1894237995147705,no,27.458488623126716,5.842308044433594
14,a,The memo from the supervisor,singular,is,The memo from the supervisor is about the delinquent tax return.,2.2709518532337825e-07,0.9999816417694092,0.5753908157348633,0.04778424650430679,no,24.05659198911036,3.8968429565429688
14,b,The memo from the supervisors,plural,is,The memo from the supervisors is about the delinquent tax return.,1.6493537486894638e-06,0.9999021291732788,0.567577064037323,0.03792392462491989,no,24.44793644735687,3.4925003051757812
14,c,The memo from the supervisor,singular,are,The memo from the supervisor are about the delinquent tax return.,1.592139028616657e-06,0.999985933303833,0.6249585151672363,0.010341586545109749,no,24.05659198911036,9.830978393554688
14,d,The memo from the supervisors,plural,are,The memo from the supervisors are about the delinquent tax return.,3.472443040664075e-06,0.9998949766159058,0.47592124342918396,0.1356465369462967,no,24.44793644735687,8.224998474121094
15,a,The check from the stockbroker,singular,is,The check from the stockbroker is a dividend on a long-term bond.,2.2737379741597646e-15,1.411347289037579e-10,0.3157493472099304,0.0022588991560041904,no,23.871145160476804,2.3138351440429688
15,b,The check from the stockbrokers,plural,is,The check from the stockbrokers is a dividend on a long-term bond.,3.030819410547447e-14,1.3174124013914934e-09,0.33929646015167236,0.0022715299855917692,no,23.76689340510739,2.281402587890625
15,c,The check from the stockbroker,singular,are,The check from the stockbroker are a dividend on a long-term bond.,2.1536585177988482e-14,6.025139276388813e-10,0.3064800202846527,0.010446866042912006,no,23.871145160476804,7.7656707763671875
15,d,The check from the stockbrokers,plural,are,The check from the stockbrokers are a dividend on a long-term bond.,5.531095330010838e-13,7.2052181998571996e-09,0.23730143904685974,0.008262719959020615,no,23.76689340510739,5.9469757080078125
16,a,The key to the cell,singular,is,The key to the cell is rusty from many years of disuse.,8.927412142867297e-10,0.9999970197677612,0.4258410930633545,0.11377499252557755,no,28.54500896994001,2.211456298828125
16,b,The key to the cells,plural,is,The key to the cells is rusty from many years of disuse.,7.953480651856637e-10,0.9999738931655884,0.4897579252719879,0.07072566449642181,no,27.951778893359872,1.6956253051757812
16,c,The key to the cell,singular,are,The key to the cell are rusty from many years of disuse.,8.154901198764719e-10,0.9999990463256836,0.5472526550292969,0.05097515136003494,no,28.54500896994001,6.369804382324219
16,d,The key to the cells,plural,are,The key to the cells are rusty from many years of disuse.,1.6253635937157895e-10,0.9999806880950928,0.11752445995807648,0.6905856728553772,no,27.951778893359872,4.018287658691406
17,a,The letter from the investigator,singular,is,The letter from the investigator is received in San Francisco in late March.,8.576864161113917e-07,0.9999926090240479,0.15074151754379272,0.05541957914829254,no,28.38738755835485,3.2903518676757812
17,b,The letter from the investigators,plural,is,The letter from the investigators is received in San Francisco in late March.,1.6134788438648684e-06,0.9999802112579346,0.18786278367042542,0.022209320217370987,no,28.490348755912187,3.092071533203125
17,c,The letter from the investigator,singular,are,The letter from the investigator are received in San Francisco in late March.,4.0152535802917555e-06,0.9999887943267822,0.1289377510547638,0.022872207686305046,no,28.38738755835485,9.252784729003906
17,d,The letter from the investigators,plural,are,The letter from the investigators are received in San Francisco in late March.,2.415130893496098e-06,0.9999692440032959,0.1331794261932373,0.1602380871772766,no,28.490348755912187,7.561195373535156
18,a,The entrance to the exhibit,singular,is,The entrance to the exhibit is hard to locate on the diagram.,1.1277661542408168e-05,0.99983811378479,0.4922284185886383,0.024946413934230804,no,30.211809787654076,1.7748794555664062
18,b,The entrance to the exhibits,plural,is,The entrance to the exhibits is hard to locate on the diagram.,5.050243544246769e-06,0.999806821346283,0.5752125978469849,0.009044657461345196,no,29.846166416752503,1.3856048583984375
18,c,The entrance to the exhibit,singular,are,The entrance to the exhibit are hard to locate on the diagram.,1.713454730634112e-05,0.9999055862426758,0.703944981098175,0.0027193226851522923,no,30.211809787654076,7.181755065917969
18,d,The entrance to the exhibits,plural,are,The entrance to the exhibits are hard to locate on the diagram.,7.106649718480185e-06,0.9998218417167664,0.45692741870880127,0.2615989148616791,no,29.846166416752503,4.040504455566406
19,a,The warning from the expert,singular,is,The warning from the expert is a shock to the residents of the city.,5.344696774045588e-07,0.9999990463256836,0.2747379541397095,0.04347378760576248,no,25.45736178730259,3.2110443115234375
19,b,The warning from the experts,plural,is,The warning from the experts is a shock to the residents of the city.,6.485556696134154e-06,0.9999899864196777,0.2639382779598236,0.021149039268493652,no,25.683790017844945,2.052947998046875
19,c,The warning from the expert,singular,are,The warning from the expert are a shock to the residents of the city.,1.864515525085153e-06,0.9999974966049194,0.026761073619127274,0.016432326287031174,no,25.45736178730259,7.5700531005859375
19,d,The warning from the experts,plural,are,The warning from the experts are a shock to the residents of the city.,1.1080157491960563e-05,0.9999799728393555,0.05091109499335289,0.2930620610713959,no,25.683790017844945,6.249015808105469
20,a,The bridge to the island,singular,is,The bridge to the island is about ten miles off the main highway.,3.0248163966462016e-05,0.9998935461044312,0.5205339193344116,0.008642598986625671,no,26.409325659803237,1.8035202026367188
20,b,The bridge to the islands,plural,is,The bridge to the islands is about ten miles off the main highway.,2.245709765702486e-05,0.9997676014900208,0.5252331495285034,0.006398673634976149,no,25.511124939823514,1.688873291015625
20,c,The bridge to the island,singular,are,The bridge to the island are about ten miles off the main highway.,3.759257015190087e-05,0.9998410940170288,0.1858648955821991,0.012774111703038216,no,26.409325659803237,7.150413513183594
20,d,The bridge to the islands,plural,are,The bridge to the islands are about ten miles off the main highway.,1.8438837287249044e-05,0.9996998310089111,0.2689226269721985,0.13106322288513184,no,25.511124939823514,5.442955017089844
21,a,The gift from the visitor,singular,is,The gift from the visitor is a beautiful clock from Germany.,7.418552172566706e-07,0.9999963045120239,0.35966917872428894,0.06447146087884903,no,26.996235029998864,1.7567825317382812
21,b,The gift from the visitors,plural,is,The gift from the visitors is a beautiful clock from Germany.,1.0475795306774671e-06,0.9999927282333374,0.36062413454055786,0.030326666310429573,no,27.149511471892627,1.9917831420898438
21,c,The gift from the visitor,singular,are,The gift from the visitor are a beautiful clock from Germany.,6.530037239826925e-07,0.9999961853027344,0.3009435534477234,0.20513613522052765,no,26.996235029998864,6.98223876953125
21,d,The gift from the visitors,plural,are,The gift from the visitors are a beautiful clock from Germany.,3.343077139561501e-07,0.999991774559021,0.15097956359386444,0.32413533329963684,no,27.149511471892627,5.479087829589844
22,a,The path to the monument,singular,is,The path to the monument is lined with lovely trees and flowers.,9.226641850546002e-08,0.9999731779098511,0.27220749855041504,0.04920019209384918,no,28.309577103659688,1.3365859985351562
22,b,The path to the monuments,plural,is,The path to the monuments is lined with lovely trees and flowers.,3.289249264071259e-07,0.9998297691345215,0.2562482953071594,0.017182717099785805,no,28.040618251489565,1.5475006103515625
22,c,The path to the monument,singular,are,The path to the monument are lined with lovely trees and flowers.,1.2614056288384745e-07,0.999995231628418,0.1417628675699234,0.028758244588971138,no,28.309577103659688,6.335929870605469
22,d,The path to the monuments,plural,are,The path to the monuments are lined with lovely trees and flowers.,2.701088135381724e-07,0.9999392032623291,0.12159579247236252,0.19432587921619415,no,28.040618251489565,4.0413665771484375
23,a,The message from the engineer,singular,is,The message from the engineer is about the recent weakening to the building's structural supports.,3.4910490054329557e-09,0.9999951124191284,0.3348493278026581,0.05709445849061012,no,25.904219493525204,1.908203125
23,b,The message from the engineers,plural,is,The message from the engineers is about the recent weakening to the building's structural supports.,8.075151214370635e-09,0.9999842643737793,0.28614187240600586,0.04370893910527229,no,26.625024924654166,1.586395263671875
23,c,The message from the engineer,singular,are,The message from the engineer are about the recent weakening to the building's structural supports.,5.411825654277891e-09,0.9999961853027344,0.20961639285087585,0.01444584783166647,no,25.904219493525204,7.85137939453125
23,d,The message from the engineers,plural,are,The message from the engineers are about the recent weakening to the building's structural supports.,5.1017643443174165e-09,0.9999637603759766,0.2239515781402588,0.1645403802394867,no,26.625024924654166,6.241111755371094
24,a,The gate to the pasture,singular,is,The gate to the pasture is falling down due to disrepair.,3.3176136184920324e-06,0.999967098236084,0.15323705971240997,0.03152013570070267,no,27.966888601134073,1.7476272583007812
24,b,The gate to the pastures,plural,is,The gate to the pastures is falling down due to disrepair.,3.4694491723996634e-09,1.9295484321446565e-07,0.19442112743854523,0.02861347794532776,no,27.819963134571374,2.1072463989257812
24,c,The gate to the pasture,singular,are,The gate to the pasture are falling down due to disrepair.,2.572293624325539e-06,0.9999767541885376,0.2835957705974579,0.04138151928782463,no,27.966888601134073,6.789543151855469
24,d,The gate to the pastures,plural,are,The gate to the pastures are falling down due to disrepair.,1.0612721368374878e-08,4.258364697307115e-06,0.1751251369714737,0.35897621512413025,no,27.819963134571374,6.098228454589844
